no,filename,product,category,kind,in_stock,group,prompt
1,onionring.jpg,onion ring,Food,food,YES,A-missing,"onion ring plated on dark ceramic seen from a high angle, fresh and steaming, styled like a bar-kitchen menu photograph. Shoot it like a premium dispensary product photograph: the subject centred on a matte charcoal-black surface, a single soft light from the upper left, a faint green rim light along one edge, deep shadows, shallow depth of field, the subject filling the frame. Square 1:1. Photorealistic. No text, no lettering, no logos, no packaging branding, no hands, no people, no watermark."
2,stashproyukilighters.jpg,Stash-Pro Yuki lighters,Equipment,gear,YES,A-missing,"Stash-Pro Yuki lighters, a piece of smoking equipment, standing upright with its material and finish clearly readable. Shoot it like a premium dispensary product photograph: the subject centred on a matte charcoal-black surface, a single soft light from the upper left, a faint green rim light along one edge, deep shadows, shallow depth of field, the subject filling the frame. Square 1:1. Photorealistic. No text, no lettering, no logos, no packaging branding, no hands, no people, no watermark."
3,rawblackkingsize.jpg,RAW Black Kingsize,Equipment,gear,YES,A-missing,"RAW Black Kingsize, a piece of smoking equipment, standing upright with its material and finish clearly readable. Shoot it like a premium dispensary product photograph: the subject centred on a matte charcoal-black surface, a single soft light from the upper left, a faint green rim light along one edge, deep shadows, shallow depth of field, the subject filling the frame. Square 1:1. Photorealistic. No text, no lettering, no logos, no packaging branding, no hands, no people, no watermark."
4,dankziplockbag.jpg,Dank Zip Lock Bag,Equipment,gear,YES,A-missing,"Dank Zip Lock Bag, a piece of smoking equipment, standing upright with its material and finish clearly readable. Shoot it like a premium dispensary product photograph: the subject centred on a matte charcoal-black surface, a single soft light from the upper left, a faint green rim light along one edge, deep shadows, shallow depth of field, the subject filling the frame. Square 1:1. Photorealistic. No text, no lettering, no logos, no packaging branding, no hands, no people, no watermark."
5,doinkscone.jpg,Doinks cone,Accessories,preroll,YES,A-missing,"a single cannabis pre-roll joint at a slight diagonal, unlit, clean white paper with a neat tip, a small mound of freshly ground green flower beside it. Shoot it like a premium dispensary product photograph: the subject centred on a matte charcoal-black surface, a single soft light from the upper left, a faint green rim light along one edge, deep shadows, shallow depth of field, the subject filling the frame. Square 1:1. Photorealistic. No text, no lettering, no logos, no packaging branding, no hands, no people, no watermark."
6,dankgrinderplastic24pcs1pack.jpg,Dank Grinder plastic 24pcs / 1 pack,Accessories,gear,YES,A-missing,"Dank Grinder plastic 24pcs / 1 pack, a piece of smoking equipment, standing upright with its material and finish clearly readable. Shoot it like a premium dispensary product photograph: the subject centred on a matte charcoal-black surface, a single soft light from the upper left, a faint green rim light along one edge, deep shadows, shallow depth of field, the subject filling the frame. Square 1:1. Photorealistic. No text, no lettering, no logos, no packaging branding, no hands, no people, no watermark."
7,icecreametesizexl.jpg,Ice Cream Ete size XL,Snack,food,YES,A-missing,"Ice Cream Ete size XL plated on dark ceramic seen from a high angle, fresh and steaming, styled like a bar-kitchen menu photograph. Shoot it like a premium dispensary product photograph: the subject centred on a matte charcoal-black surface, a single soft light from the upper left, a faint green rim light along one edge, deep shadows, shallow depth of field, the subject filling the frame. Square 1:1. Photorealistic. No text, no lettering, no logos, no packaging branding, no hands, no people, no watermark."
8,slimjim5flavor3in1.jpg,Slim Jim 5 Flavor 3 in 1,Accessories,gear,YES,A-missing,"Slim Jim 5 Flavor 3 in 1, a piece of smoking equipment, standing upright with its material and finish clearly readable. Shoot it like a premium dispensary product photograph: the subject centred on a matte charcoal-black surface, a single soft light from the upper left, a faint green rim light along one edge, deep shadows, shallow depth of field, the subject filling the frame. Square 1:1. Photorealistic. No text, no lettering, no logos, no packaging branding, no hands, no people, no watermark."
9,slimjimpaperandtips.jpg,Slimjim Paper and Tips,,gear,YES,A-missing,"Slimjim Paper and Tips, a piece of smoking equipment, standing upright with its material and finish clearly readable. Shoot it like a premium dispensary product photograph: the subject centred on a matte charcoal-black surface, a single soft light from the upper left, a faint green rim light along one edge, deep shadows, shallow depth of field, the subject filling the frame. Square 1:1. Photorealistic. No text, no lettering, no logos, no packaging branding, no hands, no people, no watermark."
10,stashprolighter.jpg,Stash pro Lighter,Equipment,gear,YES,A-missing,"Stash pro Lighter, a piece of smoking equipment, standing upright with its material and finish clearly readable. Shoot it like a premium dispensary product photograph: the subject centred on a matte charcoal-black surface, a single soft light from the upper left, a faint green rim light along one edge, deep shadows, shallow depth of field, the subject filling the frame. Square 1:1. Photorealistic. No text, no lettering, no logos, no packaging branding, no hands, no people, no watermark."
1,kamagra.jpg,Kamagra,Edible,edible,YES,A-missing,"Kamagra, a cannabis edible, on a small dark slate plate with a few pieces arranged so the texture reads clearly. Shoot it like a premium dispensary product photograph: the subject centred on a matte charcoal-black surface, a single soft light from the upper left, a faint green rim light along one edge, deep shadows, shallow depth of field, the subject filling the frame. Square 1:1. Photorealistic. No text, no lettering, no logos, no packaging branding, no hands, no people, no watermark."
12,teatime.jpg,Tea Time,Exotics,flower,YES,A-missing,"One premium cured cannabis flower bud of the strain Tea Time, a hybrid — golden-green and lime leaves, vivid amber-orange pistils, a bright sugary coat of trichomes. The flower reads as candy, citrus, pine. Dense and top-shelf, the sort of bud sold at 28-30% THC. Macro product shot, the trichomes and pistils sharp in the centre of the bud, the back of the nugget falling gently out of focus. Nothing else in the frame — no jar, no tray, no scattered leaf. Shoot it like a premium dispensary product photograph: the subject centred on a matte charcoal-black surface, a single soft light from the upper left, a faint green rim light along one edge, deep shadows, shallow depth of field, the subject filling the frame. Square 1:1. Photorealistic. No text, no lettering, no logos, no packaging branding, no hands, no people, no watermark."
13,dankcapgreen.jpg,Dank cap green,Accessories,gear,YES,A-missing,"Dank cap green, a piece of smoking equipment, standing upright with its material and finish clearly readable. Shoot it like a premium dispensary product photograph: the subject centred on a matte charcoal-black surface, a single soft light from the upper left, a faint green rim light along one edge, deep shadows, shallow depth of field, the subject filling the frame. Square 1:1. Photorealistic. No text, no lettering, no logos, no packaging branding, no hands, no people, no watermark."
14,permanentbx1.jpg,Permanent Bx1,Exotics,flower,YES,A-missing,"One premium cured cannabis flower bud of the strain Permanent Bx1, a indica-dominant hybrid — dense dark forest-green leaves, rust-orange pistils, a thick greasy layer of trichomes. The flower reads as gas, candy, floral. Dense and top-shelf, the sort of bud sold at 26-29% THC. Macro product shot, the trichomes and pistils sharp in the centre of the bud, the back of the nugget falling gently out of focus. Nothing else in the frame — no jar, no tray, no scattered leaf. Shoot it like a premium dispensary product photograph: the subject centred on a matte charcoal-black surface, a single soft light from the upper left, a faint green rim light along one edge, deep shadows, shallow depth of field, the subject filling the frame. Square 1:1. Photorealistic. No text, no lettering, no logos, no packaging branding, no hands, no people, no watermark."
15,icecreametesizel.jpg,Ice Cream Ete Size L,Snack,food,YES,A-missing,"Ice Cream Ete Size L plated on dark ceramic seen from a high angle, fresh and steaming, styled like a bar-kitchen menu photograph. Shoot it like a premium dispensary product photograph: the subject centred on a matte charcoal-black surface, a single soft light from the upper left, a faint green rim light along one edge, deep shadows, shallow depth of field, the subject filling the frame. Square 1:1. Photorealistic. No text, no lettering, no logos, no packaging branding, no hands, no people, no watermark."
16,cappuccino.jpg,Cappuccino,Drink,drink,YES,A-missing,"Cappuccino served in the glass it belongs in, condensation on the glass, garnish if it has one, fresh and cold. Shoot it like a premium dispensary product photograph: the subject centred on a matte charcoal-black surface, a single soft light from the upper left, a faint green rim light along one edge, deep shadows, shallow depth of field, the subject filling the frame. Square 1:1. Photorealistic. No text, no lettering, no logos, no packaging branding, no hands, no people, no watermark."
17,grape.jpg,Grape,Drink,drink,YES,A-missing,"Grape served in the glass it belongs in, condensation on the glass, garnish if it has one, fresh and cold. Shoot it like a premium dispensary product photograph: the subject centred on a matte charcoal-black surface, a single soft light from the upper left, a faint green rim light along one edge, deep shadows, shallow depth of field, the subject filling the frame. Square 1:1. Photorealistic. No text, no lettering, no logos, no packaging branding, no hands, no people, no watermark."
18,greentea.jpg,Green Tea,Drink,drink,YES,A-missing,"Green Tea served in the glass it belongs in, condensation on the glass, garnish if it has one, fresh and cold. Shoot it like a premium dispensary product photograph: the subject centred on a matte charcoal-black surface, a single soft light from the upper left, a faint green rim light along one edge, deep shadows, shallow depth of field, the subject filling the frame. Square 1:1. Photorealistic. No text, no lettering, no logos, no packaging branding, no hands, no people, no watermark."
19,honeylemon.jpg,Honey - Lemon,Drink,drink,YES,A-missing,"Honey - Lemon served in the glass it belongs in, condensation on the glass, garnish if it has one, fresh and cold. Shoot it like a premium dispensary product photograph: the subject centred on a matte charcoal-black surface, a single soft light from the upper left, a faint green rim light along one edge, deep shadows, shallow depth of field, the subject filling the frame. Square 1:1. Photorealistic. No text, no lettering, no logos, no packaging branding, no hands, no people, no watermark."
20,icelemontea.jpg,Ice Lemon Tea,Drink,drink,YES,A-missing,"Ice Lemon Tea served in the glass it belongs in, condensation on the glass, garnish if it has one, fresh and cold. Shoot it like a premium dispensary product photograph: the subject centred on a matte charcoal-black surface, a single soft light from the upper left, a faint green rim light along one edge, deep shadows, shallow depth of field, the subject filling the frame. Square 1:1. Photorealistic. No text, no lettering, no logos, no packaging branding, no hands, no people, no watermark."
21,latte.jpg,Latte,Drink,drink,YES,A-missing,"Latte served in the glass it belongs in, condensation on the glass, garnish if it has one, fresh and cold. Shoot it like a premium dispensary product photograph: the subject centred on a matte charcoal-black surface, a single soft light from the upper left, a faint green rim light along one edge, deep shadows, shallow depth of field, the subject filling the frame. Square 1:1. Photorealistic. No text, no lettering, no logos, no packaging branding, no hands, no people, no watermark."
22,lychee.jpg,Lychee,Drink,drink,YES,A-missing,"Lychee served in the glass it belongs in, condensation on the glass, garnish if it has one, fresh and cold. Shoot it like a premium dispensary product photograph: the subject centred on a matte charcoal-black surface, a single soft light from the upper left, a faint green rim light along one edge, deep shadows, shallow depth of field, the subject filling the frame. Square 1:1. Photorealistic. No text, no lettering, no logos, no packaging branding, no hands, no people, no watermark."
23,mocha.jpg,Mocha,Drink,drink,YES,A-missing,"Mocha served in the glass it belongs in, condensation on the glass, garnish if it has one, fresh and cold. Shoot it like a premium dispensary product photograph: the subject centred on a matte charcoal-black surface, a single soft light from the upper left, a faint green rim light along one edge, deep shadows, shallow depth of field, the subject filling the frame. Square 1:1. Photorealistic. No text, no lettering, no logos, no packaging branding, no hands, no people, no watermark."
24,orange.jpg,Orange,Drink,drink,YES,A-missing,"Orange served in the glass it belongs in, condensation on the glass, garnish if it has one, fresh and cold. Shoot it like a premium dispensary product photograph: the subject centred on a matte charcoal-black surface, a single soft light from the upper left, a faint green rim light along one edge, deep shadows, shallow depth of field, the subject filling the frame. Square 1:1. Photorealistic. No text, no lettering, no logos, no packaging branding, no hands, no people, no watermark."
25,peach.jpg,Peach,Drink,drink,YES,A-missing,"Peach served in the glass it belongs in, condensation on the glass, garnish if it has one, fresh and cold. Shoot it like a premium dispensary product photograph: the subject centred on a matte charcoal-black surface, a single soft light from the upper left, a faint green rim light along one edge, deep shadows, shallow depth of field, the subject filling the frame. Square 1:1. Photorealistic. No text, no lettering, no logos, no packaging branding, no hands, no people, no watermark."
26,strawberry.jpg,Straw Berry,Drink,drink,YES,A-missing,"Straw Berry served in the glass it belongs in, condensation on the glass, garnish if it has one, fresh and cold. Shoot it like a premium dispensary product photograph: the subject centred on a matte charcoal-black surface, a single soft light from the upper left, a faint green rim light along one edge, deep shadows, shallow depth of field, the subject filling the frame. Square 1:1. Photorealistic. No text, no lettering, no logos, no packaging branding, no hands, no people, no watermark."
27,thaitea.jpg,Thai Tea,Drink,drink,YES,A-missing,"Thai Tea served in the glass it belongs in, condensation on the glass, garnish if it has one, fresh and cold. Shoot it like a premium dispensary product photograph: the subject centred on a matte charcoal-black surface, a single soft light from the upper left, a faint green rim light along one edge, deep shadows, shallow depth of field, the subject filling the frame. Square 1:1. Photorealistic. No text, no lettering, no logos, no packaging branding, no hands, no people, no watermark."
28,chocolate.jpg,Chocolate,Drink,drink,YES,A-missing,"Chocolate served in the glass it belongs in, condensation on the glass, garnish if it has one, fresh and cold. Shoot it like a premium dispensary product photograph: the subject centred on a matte charcoal-black surface, a single soft light from the upper left, a faint green rim light along one edge, deep shadows, shallow depth of field, the subject filling the frame. Square 1:1. Photorealistic. No text, no lettering, no logos, no packaging branding, no hands, no people, no watermark."
29,cookiesncream.jpg,Cookies N Cream,Drink,drink,YES,A-missing,"Cookies N Cream served in the glass it belongs in, condensation on the glass, garnish if it has one, fresh and cold. Shoot it like a premium dispensary product photograph: the subject centred on a matte charcoal-black surface, a single soft light from the upper left, a faint green rim light along one edge, deep shadows, shallow depth of field, the subject filling the frame. Square 1:1. Photorealistic. No text, no lettering, no logos, no packaging branding, no hands, no people, no watermark."
30,gummies100mg.jpg,Gummies 100mg ( 3flavor ),Edible,edible,YES,A-missing,"Gummies 100mg ( 3flavor ), a cannabis edible, on a small dark slate plate with a few pieces arranged so the texture reads clearly. Shoot it like a premium dispensary product photograph: the subject centred on a matte charcoal-black surface, a single soft light from the upper left, a faint green rim light along one edge, deep shadows, shallow depth of field, the subject filling the frame. Square 1:1. Photorealistic. No text, no lettering, no logos, no packaging branding, no hands, no people, no watermark."
31,reesespeanutbutter.jpg,Reese's Peanut Butter,Drink,drink,YES,A-missing,"Reese's Peanut Butter served in the glass it belongs in, condensation on the glass, garnish if it has one, fresh and cold. Shoot it like a premium dispensary product photograph: the subject centred on a matte charcoal-black surface, a single soft light from the upper left, a faint green rim light along one edge, deep shadows, shallow depth of field, the subject filling the frame. Square 1:1. Photorealistic. No text, no lettering, no logos, no packaging branding, no hands, no people, no watermark."
32,espresso.jpg,Espresso,Drink,drink,YES,A-missing,"Espresso served in the glass it belongs in, condensation on the glass, garnish if it has one, fresh and cold. Shoot it like a premium dispensary product photograph: the subject centred on a matte charcoal-black surface, a single soft light from the upper left, a faint green rim light along one edge, deep shadows, shallow depth of field, the subject filling the frame. Square 1:1. Photorealistic. No text, no lettering, no logos, no packaging branding, no hands, no people, no watermark."
33,mango.jpg,Mango,Drink,drink,YES,A-missing,"Mango served in the glass it belongs in, condensation on the glass, garnish if it has one, fresh and cold. Shoot it like a premium dispensary product photograph: the subject centred on a matte charcoal-black surface, a single soft light from the upper left, a faint green rim light along one edge, deep shadows, shallow depth of field, the subject filling the frame. Square 1:1. Photorealistic. No text, no lettering, no logos, no packaging branding, no hands, no people, no watermark."
34,rawwidetips.jpg,RAW Wide Tips,Equipment,gear,YES,A-missing,"RAW Wide Tips, a piece of smoking equipment, standing upright with its material and finish clearly readable. Shoot it like a premium dispensary product photograph: the subject centred on a matte charcoal-black surface, a single soft light from the upper left, a faint green rim light along one edge, deep shadows, shallow depth of field, the subject filling the frame. Square 1:1. Photorealistic. No text, no lettering, no logos, no packaging branding, no hands, no people, no watermark."
35,blueberry.jpg,Blueberry,Drink,drink,YES,A-missing,"Blueberry served in the glass it belongs in, condensation on the glass, garnish if it has one, fresh and cold. Shoot it like a premium dispensary product photograph: the subject centred on a matte charcoal-black surface, a single soft light from the upper left, a faint green rim light along one edge, deep shadows, shallow depth of field, the subject filling the frame. Square 1:1. Photorealistic. No text, no lettering, no logos, no packaging branding, no hands, no people, no watermark."
36,wildcherry.jpg,Wild Cherry,Exotics,flower,YES,A-missing,"One premium cured cannabis flower bud of the strain Wild Cherry, a sativa-dominant hybrid — deep purple and violet leaves shot through with dark green, bright orange pistils, heavy white trichome frost. The flower reads as cherry, berry, sweet. Dense and top-shelf, the sort of bud sold at 23-29% THC. Macro product shot, the trichomes and pistils sharp in the centre of the bud, the back of the nugget falling gently out of focus. Nothing else in the frame — no jar, no tray, no scattered leaf. Shoot it like a premium dispensary product photograph: the subject centred on a matte charcoal-black surface, a single soft light from the upper left, a faint green rim light along one edge, deep shadows, shallow depth of field, the subject filling the frame. Square 1:1. Photorealistic. No text, no lettering, no logos, no packaging branding, no hands, no people, no watermark."
37,backwoodpack.jpg,Backwood pack,Blunt,blunt,YES,A-missing,"a single cannabis blunt, unlit, in a dark tobacco leaf wrap with a visible seam, two whole buds behind it slightly out of focus. Shoot it like a premium dispensary product photograph: the subject centred on a matte charcoal-black surface, a single soft light from the upper left, a faint green rim light along one edge, deep shadows, shallow depth of field, the subject filling the frame. Square 1:1. Photorealistic. No text, no lettering, no logos, no packaging branding, no hands, no people, no watermark."
38,americano.jpg,Americano,Drink,drink,YES,A-missing,"Americano served in the glass it belongs in, condensation on the glass, garnish if it has one, fresh and cold. Shoot it like a premium dispensary product photograph: the subject centred on a matte charcoal-black surface, a single soft light from the upper left, a faint green rim light along one edge, deep shadows, shallow depth of field, the subject filling the frame. Square 1:1. Photorealistic. No text, no lettering, no logos, no packaging branding, no hands, no people, no watermark."
39,lemoncherrybx2.jpg,lemon cherry bx2,Pre-Roll,preroll,YES,A-missing,"a single cannabis pre-roll joint at a slight diagonal, unlit, clean white paper with a neat tip, a small mound of freshly ground green with a red-purple blush flower beside it. Strain: lemon cherry bx2 (Indica-dominant Hybrid, THC 24-28%), tasting of citrus, cherry, cream. Shoot it like a premium dispensary product photograph: the subject centred on a matte charcoal-black surface, a single soft light from the upper left, a faint green rim light along one edge, deep shadows, shallow depth of field, the subject filling the frame. Square 1:1. Photorealistic. No text, no lettering, no logos, no packaging branding, no hands, no people, no watermark."
40,brownie50mg.jpg,Brownie 50 Mg,Edible,edible,YES,A-missing,"Brownie 50 Mg, a cannabis edible, on a small dark slate plate with a few pieces arranged so the texture reads clearly. Shoot it like a premium dispensary product photograph: the subject centred on a matte charcoal-black surface, a single soft light from the upper left, a faint green rim light along one edge, deep shadows, shallow depth of field, the subject filling the frame. Square 1:1. Photorealistic. No text, no lettering, no logos, no packaging branding, no hands, no people, no watermark."
41,prerolldank.jpg,Pre-Roll DANK,Equipment,preroll,YES,A-missing,"a single cannabis pre-roll joint at a slight diagonal, unlit, clean white paper with a neat tip, a small mound of freshly ground green flower beside it. Shoot it like a premium dispensary product photograph: the subject centred on a matte charcoal-black surface, a single soft light from the upper left, a faint green rim light along one edge, deep shadows, shallow depth of field, the subject filling the frame. Square 1:1. Photorealistic. No text, no lettering, no logos, no packaging branding, no hands, no people, no watermark."
42,malibumarker.jpg,Malibu Marker,Weed,flower,YES,A-missing,"One premium cured cannabis flower bud, single nugget, dense mid-green leaves with a few purple edges, warm orange pistils, a generous white coat of trichomes. Macro product shot, the trichomes and pistils sharp in the centre of the bud, the back of the nugget falling gently out of focus. Nothing else in the frame — no jar, no tray, no scattered leaf. Shoot it like a premium dispensary product photograph: the subject centred on a matte charcoal-black surface, a single soft light from the upper left, a faint green rim light along one edge, deep shadows, shallow depth of field, the subject filling the frame. Square 1:1. Photorealistic. No text, no lettering, no logos, no packaging branding, no hands, no people, no watermark."
43,prerolldank800pcs.jpg,Pre roll Dank 800pcs ( 1box ),Accessories,preroll,YES,A-missing,"a single cannabis pre-roll joint at a slight diagonal, unlit, clean white paper with a neat tip, a small mound of freshly ground green flower beside it. Shoot it like a premium dispensary product photograph: the subject centred on a matte charcoal-black surface, a single soft light from the upper left, a faint green rim light along one edge, deep shadows, shallow depth of field, the subject filling the frame. Square 1:1. Photorealistic. No text, no lettering, no logos, no packaging branding, no hands, no people, no watermark."
44,elementsultrathinpaperskingsize.jpg,Elements Ultra Thin Papers Kingsize,Accessories,gear,YES,A-missing,"Elements Ultra Thin Papers Kingsize, a piece of smoking equipment, standing upright with its material and finish clearly readable. Shoot it like a premium dispensary product photograph: the subject centred on a matte charcoal-black surface, a single soft light from the upper left, a faint green rim light along one edge, deep shadows, shallow depth of field, the subject filling the frame. Square 1:1. Photorealistic. No text, no lettering, no logos, no packaging branding, no hands, no people, no watermark."
45,longanjuice.jpg,Longan juice/ น้ำลำใย,Drink,drink,YES,A-missing,"Longan juice/ น้ำลำใย served in the glass it belongs in, condensation on the glass, garnish if it has one, fresh and cold. Shoot it like a premium dispensary product photograph: the subject centred on a matte charcoal-black surface, a single soft light from the upper left, a faint green rim light along one edge, deep shadows, shallow depth of field, the subject filling the frame. Square 1:1. Photorealistic. No text, no lettering, no logos, no packaging branding, no hands, no people, no watermark."
46,muhamed2000mg.jpg,Muhamed 2000 mg,Vape,vape,YES,A-missing,"one sleek cannabis vape cartridge standing upright, amber oil visible through a small glass window, a soft reflection beneath it. Shoot it like a premium dispensary product photograph: the subject centred on a matte charcoal-black surface, a single soft light from the upper left, a faint green rim light along one edge, deep shadows, shallow depth of field, the subject filling the frame. Square 1:1. Photorealistic. No text, no lettering, no logos, no packaging branding, no hands, no people, no watermark."
47,bluelobsterhash.jpg,Blue Lobster Hash,Concentrate,concentrate,YES,A-missing,"a small clear glass jar of cannabis concentrate, a metal dab tool lifting a thick glossy amber strand, the resin glowing warm where light passes through. Shoot it like a premium dispensary product photograph: the subject centred on a matte charcoal-black surface, a single soft light from the upper left, a faint green rim light along one edge, deep shadows, shallow depth of field, the subject filling the frame. Square 1:1. Photorealistic. No text, no lettering, no logos, no packaging branding, no hands, no people, no watermark."
48,sfvxadl.jpg,SFV x ADL,Exotics,flower,YES,A-missing,"One premium cured cannabis flower bud of the strain SFV x ADL, a hybrid — dense dark forest-green leaves, rust-orange pistils, a thick greasy layer of trichomes. Macro product shot, the trichomes and pistils sharp in the centre of the bud, the back of the nugget falling gently out of focus. Nothing else in the frame — no jar, no tray, no scattered leaf. Shoot it like a premium dispensary product photograph: the subject centred on a matte charcoal-black surface, a single soft light from the upper left, a faint green rim light along one edge, deep shadows, shallow depth of field, the subject filling the frame. Square 1:1. Photorealistic. No text, no lettering, no logos, no packaging branding, no hands, no people, no watermark."
49,bongdownstem1213517cm.jpg,"Bong DownStem 12 , 13.5 , 17 cm",Accessories,gear,YES,A-missing,"Bong DownStem 12 , 13.5 , 17 cm, a piece of smoking equipment, standing upright with its material and finish clearly readable. Shoot it like a premium dispensary product photograph: the subject centred on a matte charcoal-black surface, a single soft light from the upper left, a faint green rim light along one edge, deep shadows, shallow depth of field, the subject filling the frame. Square 1:1. Photorealistic. No text, no lettering, no logos, no packaging branding, no hands, no people, no watermark."
50,hiddenhills1000mg.jpg,Hidden Hills 1000Mg,Edible,edible,YES,A-missing,"Hidden Hills 1000Mg, a cannabis edible, on a small dark slate plate with a few pieces arranged so the texture reads clearly. Shoot it like a premium dispensary product photograph: the subject centred on a matte charcoal-black surface, a single soft light from the upper left, a faint green rim light along one edge, deep shadows, shallow depth of field, the subject filling the frame. Square 1:1. Photorealistic. No text, no lettering, no logos, no packaging branding, no hands, no people, no watermark."
51,switch3in1.jpg,Switch 3in 1,Vape,vape,YES,A-missing,"one sleek cannabis vape cartridge standing upright, amber oil visible through a small glass window, a soft reflection beneath it. Shoot it like a premium dispensary product photograph: the subject centred on a matte charcoal-black surface, a single soft light from the upper left, a faint green rim light along one edge, deep shadows, shallow depth of field, the subject filling the frame. Square 1:1. Photorealistic. No text, no lettering, no logos, no packaging branding, no hands, no people, no watermark."
52,bamboopaper.jpg,Bamboo paper,Equipment,gear,YES,A-missing,"Bamboo paper, a piece of smoking equipment, standing upright with its material and finish clearly readable. Shoot it like a premium dispensary product photograph: the subject centred on a matte charcoal-black surface, a single soft light from the upper left, a faint green rim light along one edge, deep shadows, shallow depth of field, the subject filling the frame. Square 1:1. Photorealistic. No text, no lettering, no logos, no packaging branding, no hands, no people, no watermark."
53,cibidcbdsoda3flavors.jpg,CIBID CBD SODA 3 Flavors,Drink,drink,YES,A-missing,"CIBID CBD SODA 3 Flavors served in the glass it belongs in, condensation on the glass, garnish if it has one, fresh and cold. Shoot it like a premium dispensary product photograph: the subject centred on a matte charcoal-black surface, a single soft light from the upper left, a faint green rim light along one edge, deep shadows, shallow depth of field, the subject filling the frame. Square 1:1. Photorealistic. No text, no lettering, no logos, no packaging branding, no hands, no people, no watermark."
54,geminiricekrispies160mg.jpg,Gemini Rice krispies 160 mg,Edible,food,YES,A-missing,"Gemini Rice krispies 160 mg plated on dark ceramic seen from a high angle, fresh and steaming, styled like a bar-kitchen menu photograph. Shoot it like a premium dispensary product photograph: the subject centred on a matte charcoal-black surface, a single soft light from the upper left, a faint green rim light along one edge, deep shadows, shallow depth of field, the subject filling the frame. Square 1:1. Photorealistic. No text, no lettering, no logos, no packaging branding, no hands, no people, no watermark."
55,softdrink.jpg,"Soft Drink ( Coke , Fanta , Schweppes, Sprite A&W  )",Drink,drink,YES,A-missing,"Soft Drink ( Coke , Fanta , Schweppes, Sprite A&W  ) served in the glass it belongs in, condensation on the glass, garnish if it has one, fresh and cold. Shoot it like a premium dispensary product photograph: the subject centred on a matte charcoal-black surface, a single soft light from the upper left, a faint green rim light along one edge, deep shadows, shallow depth of field, the subject filling the frame. Square 1:1. Photorealistic. No text, no lettering, no logos, no packaging branding, no hands, no people, no watermark."
56,picmigummiesfruitpunch5000mg.jpg,picmi gummies fruit punch 5000 mg,Edible,edible,YES,A-missing,"picmi gummies fruit punch 5000 mg, a cannabis edible, on a small dark slate plate with a few pieces arranged so the texture reads clearly. Shoot it like a premium dispensary product photograph: the subject centred on a matte charcoal-black surface, a single soft light from the upper left, a faint green rim light along one edge, deep shadows, shallow depth of field, the subject filling the frame. Square 1:1. Photorealistic. No text, no lettering, no logos, no packaging branding, no hands, no people, no watermark."
57,bonglsize.jpg,Bong L size ( 40 cm ),Accessories,gear,YES,A-missing,"Bong L size ( 40 cm ), a piece of smoking equipment, standing upright with its material and finish clearly readable. Shoot it like a premium dispensary product photograph: the subject centred on a matte charcoal-black surface, a single soft light from the upper left, a faint green rim light along one edge, deep shadows, shallow depth of field, the subject filling the frame. Square 1:1. Photorealistic. No text, no lettering, no logos, no packaging branding, no hands, no people, no watermark."
58,gummy250mgedibleland.jpg,Gummy 250 mg edible land,Edible,edible,YES,A-missing,"Gummy 250 mg edible land, a cannabis edible, on a small dark slate plate with a few pieces arranged so the texture reads clearly. Shoot it like a premium dispensary product photograph: the subject centred on a matte charcoal-black surface, a single soft light from the upper left, a faint green rim light along one edge, deep shadows, shallow depth of field, the subject filling the frame. Square 1:1. Photorealistic. No text, no lettering, no logos, no packaging branding, no hands, no people, no watermark."
59,kifecherryinferno.jpg,Kife Cherry Inferno,Concentrate,concentrate,YES,A-missing,"a small clear glass jar of cannabis concentrate, a metal dab tool lifting a thick glossy amber strand, the resin glowing warm where light passes through. Shoot it like a premium dispensary product photograph: the subject centred on a matte charcoal-black surface, a single soft light from the upper left, a faint green rim light along one edge, deep shadows, shallow depth of field, the subject filling the frame. Square 1:1. Photorealistic. No text, no lettering, no logos, no packaging branding, no hands, no people, no watermark."
60,zourz.jpg,Zour Z,Exotics,flower,YES,A-missing,"One premium cured cannabis flower bud of the strain Zour Z, a sativa-dominant hybrid — golden-green and lime leaves, vivid amber-orange pistils, a bright sugary coat of trichomes. The flower reads as diesel, lemon, chemical. Dense and top-shelf, the sort of bud sold at 17% THC. Macro product shot, the trichomes and pistils sharp in the centre of the bud, the back of the nugget falling gently out of focus. Nothing else in the frame — no jar, no tray, no scattered leaf. Shoot it like a premium dispensary product photograph: the subject centred on a matte charcoal-black surface, a single soft light from the upper left, a faint green rim light along one edge, deep shadows, shallow depth of field, the subject filling the frame. Square 1:1. Photorealistic. No text, no lettering, no logos, no packaging branding, no hands, no people, no watermark."
61,ogkushxzkittlesoriginal.jpg,OG Kush x Zkittles Original,Top Shelf,flower,YES,A-missing,"One premium cured cannabis flower bud, single nugget, dense mid-green leaves with a few purple edges, warm orange pistils, a generous white coat of trichomes. Macro product shot, the trichomes and pistils sharp in the centre of the bud, the back of the nugget falling gently out of focus. Nothing else in the frame — no jar, no tray, no scattered leaf. Shoot it like a premium dispensary product photograph: the subject centred on a matte charcoal-black surface, a single soft light from the upper left, a faint green rim light along one edge, deep shadows, shallow depth of field, the subject filling the frame. Square 1:1. Photorealistic. No text, no lettering, no logos, no packaging branding, no hands, no people, no watermark."
62,polkadotmushroomschocolate.jpg,PolkaDot mushrooms chocolate,Edible,edible,YES,A-missing,"PolkaDot mushrooms chocolate, a cannabis edible, on a small dark slate plate with a few pieces arranged so the texture reads clearly. Shoot it like a premium dispensary product photograph: the subject centred on a matte charcoal-black surface, a single soft light from the upper left, a faint green rim light along one edge, deep shadows, shallow depth of field, the subject filling the frame. Square 1:1. Photorealistic. No text, no lettering, no logos, no packaging branding, no hands, no people, no watermark."
63,stashprosmallpaper.jpg,Stash-pro small paper,Equipment,gear,YES,A-missing,"Stash-pro small paper, a piece of smoking equipment, standing upright with its material and finish clearly readable. Shoot it like a premium dispensary product photograph: the subject centred on a matte charcoal-black surface, a single soft light from the upper left, a faint green rim light along one edge, deep shadows, shallow depth of field, the subject filling the frame. Square 1:1. Photorealistic. No text, no lettering, no logos, no packaging branding, no hands, no people, no watermark."
64,ocpophash.jpg,OC Pop Hash,Concentrate,concentrate,YES,A-missing,"a small clear glass jar of cannabis concentrate, a metal dab tool lifting a thick glossy amber strand, the resin glowing warm where light passes through. Shoot it like a premium dispensary product photograph: the subject centred on a matte charcoal-black surface, a single soft light from the upper left, a faint green rim light along one edge, deep shadows, shallow depth of field, the subject filling the frame. Square 1:1. Photorealistic. No text, no lettering, no logos, no packaging branding, no hands, no people, no watermark."
65,blunt20gwax03g.jpg,Blunt 2.0 g + wax0.3g,Pre-Roll,blunt,YES,A-missing,"a single cannabis blunt, unlit, in a dark tobacco leaf wrap with a visible seam, two whole buds behind it slightly out of focus. Shoot it like a premium dispensary product photograph: the subject centred on a matte charcoal-black surface, a single soft light from the upper left, a faint green rim light along one edge, deep shadows, shallow depth of field, the subject filling the frame. Square 1:1. Photorealistic. No text, no lettering, no logos, no packaging branding, no hands, no people, no watermark."
66,blacksugarcanejuice.jpg,Black Sugarcane Juice,Drink,drink,YES,A-missing,"Black Sugarcane Juice served in the glass it belongs in, condensation on the glass, garnish if it has one, fresh and cold. Shoot it like a premium dispensary product photograph: the subject centred on a matte charcoal-black surface, a single soft light from the upper left, a faint green rim light along one edge, deep shadows, shallow depth of field, the subject filling the frame. Square 1:1. Photorealistic. No text, no lettering, no logos, no packaging branding, no hands, no people, no watermark."
67,route69.jpg,Route 69,Top Shelf,flower,YES,A-missing,"One premium cured cannabis flower bud, single nugget, dense mid-green leaves with a few purple edges, warm orange pistils, a generous white coat of trichomes. Macro product shot, the trichomes and pistils sharp in the centre of the bud, the back of the nugget falling gently out of focus. Nothing else in the frame — no jar, no tray, no scattered leaf. Shoot it like a premium dispensary product photograph: the subject centred on a matte charcoal-black surface, a single soft light from the upper left, a faint green rim light along one edge, deep shadows, shallow depth of field, the subject filling the frame. Square 1:1. Photorealistic. No text, no lettering, no logos, no packaging branding, no hands, no people, no watermark."
68,diamondsthc.jpg,Diamonds THC,Concentrate,concentrate,YES,A-missing,"a small clear glass jar of cannabis concentrate, a metal dab tool lifting a thick glossy amber strand, the resin glowing warm where light passes through. Shoot it like a premium dispensary product photograph: the subject centred on a matte charcoal-black surface, a single soft light from the upper left, a faint green rim light along one edge, deep shadows, shallow depth of field, the subject filling the frame. Square 1:1. Photorealistic. No text, no lettering, no logos, no packaging branding, no hands, no people, no watermark."
69,doinksglue.jpg,Doinks glue,Equipment,gear,YES,A-missing,"Doinks glue, a piece of smoking equipment, standing upright with its material and finish clearly readable. Shoot it like a premium dispensary product photograph: the subject centred on a matte charcoal-black surface, a single soft light from the upper left, a faint green rim light along one edge, deep shadows, shallow depth of field, the subject filling the frame. Square 1:1. Photorealistic. No text, no lettering, no logos, no packaging branding, no hands, no people, no watermark."
70,metalashtray9lives.jpg,Metal Ashtray 9 lives,Equipment,gear,YES,A-missing,"Metal Ashtray 9 lives, a piece of smoking equipment, standing upright with its material and finish clearly readable. Shoot it like a premium dispensary product photograph: the subject centred on a matte charcoal-black surface, a single soft light from the upper left, a faint green rim light along one edge, deep shadows, shallow depth of field, the subject filling the frame. Square 1:1. Photorealistic. No text, no lettering, no logos, no packaging branding, no hands, no people, no watermark."
71,gemsnowpineappleexpress.jpg,Gem Snow Pineapple Express,Exotics,flower,YES,A-missing,"One premium cured cannabis flower bud of the strain Gem Snow Pineapple Express, a sativa-dominant hybrid — golden-green and lime leaves, vivid amber-orange pistils, a bright sugary coat of trichomes. The flower reads as pineapple, citrus, pine. Dense and top-shelf, the sort of bud sold at 18-26% THC. Macro product shot, the trichomes and pistils sharp in the centre of the bud, the back of the nugget falling gently out of focus. Nothing else in the frame — no jar, no tray, no scattered leaf. Shoot it like a premium dispensary product photograph: the subject centred on a matte charcoal-black surface, a single soft light from the upper left, a faint green rim light along one edge, deep shadows, shallow depth of field, the subject filling the frame. Square 1:1. Photorealistic. No text, no lettering, no logos, no packaging branding, no hands, no people, no watermark."
72,fuzzies07g.jpg,Fuzzies 0.7 G,joint,preroll,YES,A-missing,"a single cannabis pre-roll joint at a slight diagonal, unlit, clean white paper with a neat tip, a small mound of freshly ground green flower beside it. Shoot it like a premium dispensary product photograph: the subject centred on a matte charcoal-black surface, a single soft light from the upper left, a faint green rim light along one edge, deep shadows, shallow depth of field, the subject filling the frame. Square 1:1. Photorealistic. No text, no lettering, no logos, no packaging branding, no hands, no people, no watermark."
73,hashtrippleburger.jpg,Hash Tripple Burger,Concentrate,concentrate,YES,A-missing,"a small clear glass jar of cannabis concentrate, a metal dab tool lifting a thick glossy amber strand, the resin glowing warm where light passes through. Shoot it like a premium dispensary product photograph: the subject centred on a matte charcoal-black surface, a single soft light from the upper left, a faint green rim light along one edge, deep shadows, shallow depth of field, the subject filling the frame. Square 1:1. Photorealistic. No text, no lettering, no logos, no packaging branding, no hands, no people, no watermark."
74,danktshirtnewedition.jpg,Dank T Shirt. New edition,Accessories,gear,YES,A-missing,"Dank T Shirt. New edition, a piece of smoking equipment, standing upright with its material and finish clearly readable. Shoot it like a premium dispensary product photograph: the subject centred on a matte charcoal-black surface, a single soft light from the upper left, a faint green rim light along one edge, deep shadows, shallow depth of field, the subject filling the frame. Square 1:1. Photorealistic. No text, no lettering, no logos, no packaging branding, no hands, no people, no watermark."
75,hashrockets1g.jpg,Hash Rockets 1G,joint,preroll,YES,A-missing,"a single cannabis pre-roll joint at a slight diagonal, unlit, clean white paper with a neat tip, a small mound of freshly ground green flower beside it. Shoot it like a premium dispensary product photograph: the subject centred on a matte charcoal-black surface, a single soft light from the upper left, a faint green rim light along one edge, deep shadows, shallow depth of field, the subject filling the frame. Square 1:1. Photorealistic. No text, no lettering, no logos, no packaging branding, no hands, no people, no watermark."
76,mushroomsoup.jpg,Mushroom Soup,Food,food,YES,A-missing,"Mushroom Soup plated on dark ceramic seen from a high angle, fresh and steaming, styled like a bar-kitchen menu photograph. Shoot it like a premium dispensary product photograph: the subject centred on a matte charcoal-black surface, a single soft light from the upper left, a faint green rim light along one edge, deep shadows, shallow depth of field, the subject filling the frame. Square 1:1. Photorealistic. No text, no lettering, no logos, no packaging branding, no hands, no people, no watermark."
77,pennysliverosin.jpg,Penny’s Live Rosin,Concentrate,concentrate,YES,A-missing,"a small clear glass jar of cannabis concentrate, a metal dab tool lifting a thick glossy amber strand, the resin glowing warm where light passes through. Shoot it like a premium dispensary product photograph: the subject centred on a matte charcoal-black surface, a single soft light from the upper left, a faint green rim light along one edge, deep shadows, shallow depth of field, the subject filling the frame. Square 1:1. Photorealistic. No text, no lettering, no logos, no packaging branding, no hands, no people, no watermark."
78,pumpkinsoup.jpg,pumpkin soup,Food,food,YES,A-missing,"pumpkin soup plated on dark ceramic seen from a high angle, fresh and steaming, styled like a bar-kitchen menu photograph. Shoot it like a premium dispensary product photograph: the subject centred on a matte charcoal-black surface, a single soft light from the upper left, a faint green rim light along one edge, deep shadows, shallow depth of field, the subject filling the frame. Square 1:1. Photorealistic. No text, no lettering, no logos, no packaging branding, no hands, no people, no watermark."
79,rawclassic14tip.jpg,Raw Classic 1/4  + Tip,Accessories,gear,YES,A-missing,"Raw Classic 1/4  + Tip, a piece of smoking equipment, standing upright with its material and finish clearly readable. Shoot it like a premium dispensary product photograph: the subject centred on a matte charcoal-black surface, a single soft light from the upper left, a faint green rim light along one edge, deep shadows, shallow depth of field, the subject filling the frame. Square 1:1. Photorealistic. No text, no lettering, no logos, no packaging branding, no hands, no people, no watermark."
80,scrambleegg.jpg,Scramble Egg,Food,food,YES,A-missing,"Scramble Egg plated on dark ceramic seen from a high angle, fresh and steaming, styled like a bar-kitchen menu photograph. Shoot it like a premium dispensary product photograph: the subject centred on a matte charcoal-black surface, a single soft light from the upper left, a faint green rim light along one edge, deep shadows, shallow depth of field, the subject filling the frame. Square 1:1. Photorealistic. No text, no lettering, no logos, no packaging branding, no hands, no people, no watermark."
81,hashkushcookiesfullspec.jpg,Hash Kush Cookies Full Spec,Concentrate,concentrate,YES,A-missing,"a small clear glass jar of cannabis concentrate, a metal dab tool lifting a thick glossy amber strand, the resin glowing warm where light passes through. Shoot it like a premium dispensary product photograph: the subject centred on a matte charcoal-black surface, a single soft light from the upper left, a faint green rim light along one edge, deep shadows, shallow depth of field, the subject filling the frame. Square 1:1. Photorealistic. No text, no lettering, no logos, no packaging branding, no hands, no people, no watermark."
82,icecreametestick.jpg,Ice Cream Ete Stick,Snack,food,YES,A-missing,"Ice Cream Ete Stick plated on dark ceramic seen from a high angle, fresh and steaming, styled like a bar-kitchen menu photograph. Shoot it like a premium dispensary product photograph: the subject centred on a matte charcoal-black surface, a single soft light from the upper left, a faint green rim light along one edge, deep shadows, shallow depth of field, the subject filling the frame. Square 1:1. Photorealistic. No text, no lettering, no logos, no packaging branding, no hands, no people, no watermark."
83,rawtip.jpg,raw tip,Equipment,gear,YES,A-missing,"raw tip, a piece of smoking equipment, standing upright with its material and finish clearly readable. Shoot it like a premium dispensary product photograph: the subject centred on a matte charcoal-black surface, a single soft light from the upper left, a faint green rim light along one edge, deep shadows, shallow depth of field, the subject filling the frame. Square 1:1. Photorealistic. No text, no lettering, no logos, no packaging branding, no hands, no people, no watermark."
84,monsterenergy.jpg,Monster Energy,Drink,drink,YES,A-missing,"Monster Energy served in the glass it belongs in, condensation on the glass, garnish if it has one, fresh and cold. Shoot it like a premium dispensary product photograph: the subject centred on a matte charcoal-black surface, a single soft light from the upper left, a faint green rim light along one edge, deep shadows, shallow depth of field, the subject filling the frame. Square 1:1. Photorealistic. No text, no lettering, no logos, no packaging branding, no hands, no people, no watermark."
85,nolabarnicvape.jpg,NOLA BAR NIC VAPE,Nicotine,vape,YES,A-missing,"one sleek cannabis vape cartridge standing upright, amber oil visible through a small glass window, a soft reflection beneath it. Shoot it like a premium dispensary product photograph: the subject centred on a matte charcoal-black surface, a single soft light from the upper left, a faint green rim light along one edge, deep shadows, shallow depth of field, the subject filling the frame. Square 1:1. Photorealistic. No text, no lettering, no logos, no packaging branding, no hands, no people, no watermark."
86,sourbelt1piece.jpg,sour belt 1 piece,Edible,edible,YES,A-missing,"sour belt 1 piece, a cannabis edible, on a small dark slate plate with a few pieces arranged so the texture reads clearly. Shoot it like a premium dispensary product photograph: the subject centred on a matte charcoal-black surface, a single soft light from the upper left, a faint green rim light along one edge, deep shadows, shallow depth of field, the subject filling the frame. Square 1:1. Photorealistic. No text, no lettering, no logos, no packaging branding, no hands, no people, no watermark."
87,bowlglass.jpg,Bowl glass,Equipment,gear,YES,A-missing,"Bowl glass, a piece of smoking equipment, standing upright with its material and finish clearly readable. Shoot it like a premium dispensary product photograph: the subject centred on a matte charcoal-black surface, a single soft light from the upper left, a faint green rim light along one edge, deep shadows, shallow depth of field, the subject filling the frame. Square 1:1. Photorealistic. No text, no lettering, no logos, no packaging branding, no hands, no people, no watermark."
88,pt33.jpg,Pt.33,,other,YES,A-missing,"Pt.33, presented simply so the product itself is unmistakable. Shoot it like a premium dispensary product photograph: the subject centred on a matte charcoal-black surface, a single soft light from the upper left, a faint green rim light along one edge, deep shadows, shallow depth of field, the subject filling the frame. Square 1:1. Photorealistic. No text, no lettering, no logos, no packaging branding, no hands, no people, no watermark."
89,slimjimpocketspp.jpg,slimjim pockets pp,Accessories,gear,YES,A-missing,"slimjim pockets pp, a piece of smoking equipment, standing upright with its material and finish clearly readable. Shoot it like a premium dispensary product photograph: the subject centred on a matte charcoal-black surface, a single soft light from the upper left, a faint green rim light along one edge, deep shadows, shallow depth of field, the subject filling the frame. Square 1:1. Photorealistic. No text, no lettering, no logos, no packaging branding, no hands, no people, no watermark."
90,taco.jpg,Taco,Food,food,YES,A-missing,"Taco plated on dark ceramic seen from a high angle, fresh and steaming, styled like a bar-kitchen menu photograph. Shoot it like a premium dispensary product photograph: the subject centred on a matte charcoal-black surface, a single soft light from the upper left, a faint green rim light along one edge, deep shadows, shallow depth of field, the subject filling the frame. Square 1:1. Photorealistic. No text, no lettering, no logos, no packaging branding, no hands, no people, no watermark."
91,zynnicotinelow.jpg,Zyn nicotine low,Nicotine,nicotine,YES,A-missing,"Zyn nicotine low standing upright, its shape and proportions clearly readable. Shoot it like a premium dispensary product photograph: the subject centred on a matte charcoal-black surface, a single soft light from the upper left, a faint green rim light along one edge, deep shadows, shallow depth of field, the subject filling the frame. Square 1:1. Photorealistic. No text, no lettering, no logos, no packaging branding, no hands, no people, no watermark."
92,bacon.jpg,bacon,Food,food,YES,A-missing,"bacon plated on dark ceramic seen from a high angle, fresh and steaming, styled like a bar-kitchen menu photograph. Shoot it like a premium dispensary product photograph: the subject centred on a matte charcoal-black surface, a single soft light from the upper left, a faint green rim light along one edge, deep shadows, shallow depth of field, the subject filling the frame. Square 1:1. Photorealistic. No text, no lettering, no logos, no packaging branding, no hands, no people, no watermark."
93,castowncraftsodamixflavors.jpg,Castown craft soda mix flavors,Drink,drink,YES,A-missing,"Castown craft soda mix flavors served in the glass it belongs in, condensation on the glass, garnish if it has one, fresh and cold. Shoot it like a premium dispensary product photograph: the subject centred on a matte charcoal-black surface, a single soft light from the upper left, a faint green rim light along one edge, deep shadows, shallow depth of field, the subject filling the frame. Square 1:1. Photorealistic. No text, no lettering, no logos, no packaging branding, no hands, no people, no watermark."
94,quesadilla.jpg,Quesadilla,Food,food,YES,A-missing,"Quesadilla plated on dark ceramic seen from a high angle, fresh and steaming, styled like a bar-kitchen menu photograph. Shoot it like a premium dispensary product photograph: the subject centred on a matte charcoal-black surface, a single soft light from the upper left, a faint green rim light along one edge, deep shadows, shallow depth of field, the subject filling the frame. Square 1:1. Photorealistic. No text, no lettering, no logos, no packaging branding, no hands, no people, no watermark."
95,beerthai.jpg,"Beer Thai (Chang,Singha,Leo)",Beer,beer,YES,A-missing,"Beer Thai (Chang,Singha,Leo) poured into a clean glass beside its chilled can, a good head on the beer, condensation on both. Shoot it like a premium dispensary product photograph: the subject centred on a matte charcoal-black surface, a single soft light from the upper left, a faint green rim light along one edge, deep shadows, shallow depth of field, the subject filling the frame. Square 1:1. Photorealistic. No text, no lettering, no logos, no packaging branding, no hands, no people, no watermark."
96,brrberrykief.jpg,BRR Berry Kief,Concentrate,concentrate,YES,A-missing,"a small clear glass jar of cannabis concentrate, a metal dab tool lifting a thick glossy amber strand, the resin glowing warm where light passes through. Shoot it like a premium dispensary product photograph: the subject centred on a matte charcoal-black surface, a single soft light from the upper left, a faint green rim light along one edge, deep shadows, shallow depth of field, the subject filling the frame. Square 1:1. Photorealistic. No text, no lettering, no logos, no packaging branding, no hands, no people, no watermark."
97,cbdforcats150mg.jpg,Cbd For Cats 150 Mg,CBD,cbd,YES,A-missing,"Cbd For Cats 150 Mg, a CBD wellness product, standing upright with its form clearly readable. Shoot it like a premium dispensary product photograph: the subject centred on a matte charcoal-black surface, a single soft light from the upper left, a faint green rim light along one edge, deep shadows, shallow depth of field, the subject filling the frame. Square 1:1. Photorealistic. No text, no lettering, no logos, no packaging branding, no hands, no people, no watermark."
98,cigarweed2g.jpg,Cigar weed 2g,joint,preroll,YES,A-missing,"a single cannabis pre-roll joint at a slight diagonal, unlit, clean white paper with a neat tip, a small mound of freshly ground green flower beside it. Shoot it like a premium dispensary product photograph: the subject centred on a matte charcoal-black surface, a single soft light from the upper left, a faint green rim light along one edge, deep shadows, shallow depth of field, the subject filling the frame. Square 1:1. Photorealistic. No text, no lettering, no logos, no packaging branding, no hands, no people, no watermark."
99,coconutjuice400ml.jpg,Coconut Juice 400 Ml.,Drink,drink,YES,A-missing,"Coconut Juice 400 Ml. served in the glass it belongs in, condensation on the glass, garnish if it has one, fresh and cold. Shoot it like a premium dispensary product photograph: the subject centred on a matte charcoal-black surface, a single soft light from the upper left, a faint green rim light along one edge, deep shadows, shallow depth of field, the subject filling the frame. Square 1:1. Photorealistic. No text, no lettering, no logos, no packaging branding, no hands, no people, no watermark."
100,doinksrollingglue.jpg,Doinks Rolling Glue,Equipment,gear,YES,A-missing,"Doinks Rolling Glue, a piece of smoking equipment, standing upright with its material and finish clearly readable. Shoot it like a premium dispensary product photograph: the subject centred on a matte charcoal-black surface, a single soft light from the upper left, a faint green rim light along one edge, deep shadows, shallow depth of field, the subject filling the frame. Square 1:1. Photorealistic. No text, no lettering, no logos, no packaging branding, no hands, no people, no watermark."
101,doubleburger.jpg,Double Burger,Food,food,YES,A-missing,"Double Burger plated on dark ceramic seen from a high angle, fresh and steaming, styled like a bar-kitchen menu photograph. Shoot it like a premium dispensary product photograph: the subject centred on a matte charcoal-black surface, a single soft light from the upper left, a faint green rim light along one edge, deep shadows, shallow depth of field, the subject filling the frame. Square 1:1. Photorealistic. No text, no lettering, no logos, no packaging branding, no hands, no people, no watermark."
102,geminilastbite.jpg,gemini last bite,Edible,edible,YES,A-missing,"gemini last bite, a cannabis edible, on a small dark slate plate with a few pieces arranged so the texture reads clearly. Shoot it like a premium dispensary product photograph: the subject centred on a matte charcoal-black surface, a single soft light from the upper left, a faint green rim light along one edge, deep shadows, shallow depth of field, the subject filling the frame. Square 1:1. Photorealistic. No text, no lettering, no logos, no packaging branding, no hands, no people, no watermark."
103,mimosaorangekief.jpg,Mimosa Orange Kief,Concentrate,concentrate,YES,A-missing,"a small clear glass jar of cannabis concentrate, a metal dab tool lifting a thick glossy amber strand, the resin glowing warm where light passes through. Shoot it like a premium dispensary product photograph: the subject centred on a matte charcoal-black surface, a single soft light from the upper left, a faint green rim light along one edge, deep shadows, shallow depth of field, the subject filling the frame. Square 1:1. Photorealistic. No text, no lettering, no logos, no packaging branding, no hands, no people, no watermark."
104,sugartitskief.jpg,Sugar Tits Kief,Concentrate,concentrate,YES,A-missing,"a small clear glass jar of cannabis concentrate, a metal dab tool lifting a thick glossy amber strand, the resin glowing warm where light passes through. Shoot it like a premium dispensary product photograph: the subject centred on a matte charcoal-black surface, a single soft light from the upper left, a faint green rim light along one edge, deep shadows, shallow depth of field, the subject filling the frame. Square 1:1. Photorealistic. No text, no lettering, no logos, no packaging branding, no hands, no people, no watermark."
105,whalecan.jpg,Whale Can,Beer,beer,YES,A-missing,"Whale Can poured into a clean glass beside its chilled can, a good head on the beer, condensation on both. Shoot it like a premium dispensary product photograph: the subject centred on a matte charcoal-black surface, a single soft light from the upper left, a faint green rim light along one edge, deep shadows, shallow depth of field, the subject filling the frame. Square 1:1. Photorealistic. No text, no lettering, no logos, no packaging branding, no hands, no people, no watermark."
106,cannopicbdsoothingoil10mg.jpg,Cannopi Cbd soothing oil 10mg,CBD,cbd,YES,A-missing,"Cannopi Cbd soothing oil 10mg, a CBD wellness product, standing upright with its form clearly readable. Shoot it like a premium dispensary product photograph: the subject centred on a matte charcoal-black surface, a single soft light from the upper left, a faint green rim light along one edge, deep shadows, shallow depth of field, the subject filling the frame. Square 1:1. Photorealistic. No text, no lettering, no logos, no packaging branding, no hands, no people, no watermark."
107,chickenicecreamwaffle.jpg,Chicken / Icecream Waffle,Food,food,YES,A-missing,"Chicken / Icecream Waffle plated on dark ceramic seen from a high angle, fresh and steaming, styled like a bar-kitchen menu photograph. Shoot it like a premium dispensary product photograph: the subject centred on a matte charcoal-black surface, a single soft light from the upper left, a faint green rim light along one edge, deep shadows, shallow depth of field, the subject filling the frame. Square 1:1. Photorealistic. No text, no lettering, no logos, no packaging branding, no hands, no people, no watermark."
108,grindercartoon.jpg,Grinder Cartoon,Accessories,vape,YES,A-missing,"one sleek cannabis vape cartridge standing upright, amber oil visible through a small glass window, a soft reflection beneath it. Shoot it like a premium dispensary product photograph: the subject centred on a matte charcoal-black surface, a single soft light from the upper left, a faint green rim light along one edge, deep shadows, shallow depth of field, the subject filling the frame. Square 1:1. Photorealistic. No text, no lettering, no logos, no packaging branding, no hands, no people, no watermark."
109,honeylagercan.jpg,honey lager can,Beer,beer,YES,A-missing,"honey lager can poured into a clean glass beside its chilled can, a good head on the beer, condensation on both. Shoot it like a premium dispensary product photograph: the subject centred on a matte charcoal-black surface, a single soft light from the upper left, a faint green rim light along one edge, deep shadows, shallow depth of field, the subject filling the frame. Square 1:1. Photorealistic. No text, no lettering, no logos, no packaging branding, no hands, no people, no watermark."
110,rastamonkief.jpg,Rastamon Kief,Concentrate,concentrate,YES,A-missing,"a small clear glass jar of cannabis concentrate, a metal dab tool lifting a thick glossy amber strand, the resin glowing warm where light passes through. Shoot it like a premium dispensary product photograph: the subject centred on a matte charcoal-black surface, a single soft light from the upper left, a faint green rim light along one edge, deep shadows, shallow depth of field, the subject filling the frame. Square 1:1. Photorealistic. No text, no lettering, no logos, no packaging branding, no hands, no people, no watermark."
111,ravenipa.jpg,Raven IPA,Beer,beer,YES,A-missing,"Raven IPA poured into a clean glass beside its chilled can, a good head on the beer, condensation on both. Shoot it like a premium dispensary product photograph: the subject centred on a matte charcoal-black surface, a single soft light from the upper left, a faint green rim light along one edge, deep shadows, shallow depth of field, the subject filling the frame. Square 1:1. Photorealistic. No text, no lettering, no logos, no packaging branding, no hands, no people, no watermark."
112,seedsiamseedbank.jpg,Seed Siam seed bank ( Sofem - Walipini ),Seed,seed,YES,A-missing,"a few cannabis seeds with dark tiger-striped shells on a piece of slate beside a tiny glass vial. Shoot it like a premium dispensary product photograph: the subject centred on a matte charcoal-black surface, a single soft light from the upper left, a faint green rim light along one edge, deep shadows, shallow depth of field, the subject filling the frame. Square 1:1. Photorealistic. No text, no lettering, no logos, no packaging branding, no hands, no people, no watermark."
113,sourbubbleshash.jpg,Sour Bubbles Hash,Concentrate,concentrate,YES,A-missing,"a small clear glass jar of cannabis concentrate, a metal dab tool lifting a thick glossy amber strand, the resin glowing warm where light passes through. Shoot it like a premium dispensary product photograph: the subject centred on a matte charcoal-black surface, a single soft light from the upper left, a faint green rim light along one edge, deep shadows, shallow depth of field, the subject filling the frame. Square 1:1. Photorealistic. No text, no lettering, no logos, no packaging branding, no hands, no people, no watermark."
114,thaiteagreentea.jpg,Thai tea / Green tea,Drink,drink,YES,A-missing,"Thai tea / Green tea served in the glass it belongs in, condensation on the glass, garnish if it has one, fresh and cold. Shoot it like a premium dispensary product photograph: the subject centred on a matte charcoal-black surface, a single soft light from the upper left, a faint green rim light along one edge, deep shadows, shallow depth of field, the subject filling the frame. Square 1:1. Photorealistic. No text, no lettering, no logos, no packaging branding, no hands, no people, no watermark."
115,wilaweizen.jpg,wila weizen,Beer,beer,YES,A-missing,"wila weizen poured into a clean glass beside its chilled can, a good head on the beer, condensation on both. Shoot it like a premium dispensary product photograph: the subject centred on a matte charcoal-black surface, a single soft light from the upper left, a faint green rim light along one edge, deep shadows, shallow depth of field, the subject filling the frame. Square 1:1. Photorealistic. No text, no lettering, no logos, no packaging branding, no hands, no people, no watermark."
116,yaksapaleale.jpg,Yaksa Pale Ale,Beer,beer,YES,A-missing,"Yaksa Pale Ale poured into a clean glass beside its chilled can, a good head on the beer, condensation on both. Shoot it like a premium dispensary product photograph: the subject centred on a matte charcoal-black surface, a single soft light from the upper left, a faint green rim light along one edge, deep shadows, shallow depth of field, the subject filling the frame. Square 1:1. Photorealistic. No text, no lettering, no logos, no packaging branding, no hands, no people, no watermark."
117,yaksasessionipa.jpg,Yaksa Session IPA,Beer,beer,YES,A-missing,"Yaksa Session IPA poured into a clean glass beside its chilled can, a good head on the beer, condensation on both. Shoot it like a premium dispensary product photograph: the subject centred on a matte charcoal-black surface, a single soft light from the upper left, a faint green rim light along one edge, deep shadows, shallow depth of field, the subject filling the frame. Square 1:1. Photorealistic. No text, no lettering, no logos, no packaging branding, no hands, no people, no watermark."
118,aceagavelime.jpg,ACE Agave Lime,Beer,beer,YES,A-missing,"ACE Agave Lime poured into a clean glass beside its chilled can, a good head on the beer, condensation on both. Shoot it like a premium dispensary product photograph: the subject centred on a matte charcoal-black surface, a single soft light from the upper left, a faint green rim light along one edge, deep shadows, shallow depth of field, the subject filling the frame. Square 1:1. Photorealistic. No text, no lettering, no logos, no packaging branding, no hands, no people, no watermark."
119,bongxl.jpg,Bong XL ( 50 cm ),Accessories,gear,YES,A-missing,"Bong XL ( 50 cm ), a piece of smoking equipment, standing upright with its material and finish clearly readable. Shoot it like a premium dispensary product photograph: the subject centred on a matte charcoal-black surface, a single soft light from the upper left, a faint green rim light along one edge, deep shadows, shallow depth of field, the subject filling the frame. Square 1:1. Photorealistic. No text, no lettering, no logos, no packaging branding, no hands, no people, no watermark."
120,cbdoilfordogs150mg.jpg,Cbd Oil For Dogs 150 Mg,CBD,cbd,YES,A-missing,"Cbd Oil For Dogs 150 Mg, a CBD wellness product, standing upright with its form clearly readable. Shoot it like a premium dispensary product photograph: the subject centred on a matte charcoal-black surface, a single soft light from the upper left, a faint green rim light along one edge, deep shadows, shallow depth of field, the subject filling the frame. Square 1:1. Photorealistic. No text, no lettering, no logos, no packaging branding, no hands, no people, no watermark."
121,cookie50mg.jpg,Cookie 50 Mg,Edible,edible,YES,A-missing,"Cookie 50 Mg, a cannabis edible, on a small dark slate plate with a few pieces arranged so the texture reads clearly. Shoot it like a premium dispensary product photograph: the subject centred on a matte charcoal-black surface, a single soft light from the upper left, a faint green rim light along one edge, deep shadows, shallow depth of field, the subject filling the frame. Square 1:1. Photorealistic. No text, no lettering, no logos, no packaging branding, no hands, no people, no watermark."
122,durbanpoisonjoint.jpg,Durban Poison Joint,Pre-Roll,preroll,YES,A-missing,"a single cannabis pre-roll joint at a slight diagonal, unlit, clean white paper with a neat tip, a small mound of freshly ground green flower beside it. Shoot it like a premium dispensary product photograph: the subject centred on a matte charcoal-black surface, a single soft light from the upper left, a faint green rim light along one edge, deep shadows, shallow depth of field, the subject filling the frame. Square 1:1. Photorealistic. No text, no lettering, no logos, no packaging branding, no hands, no people, no watermark."
123,grinderphoenixstarsilver.jpg,Grinder Phoenix star Silver,Accessories,gear,YES,A-missing,"Grinder Phoenix star Silver, a piece of smoking equipment, standing upright with its material and finish clearly readable. Shoot it like a premium dispensary product photograph: the subject centred on a matte charcoal-black surface, a single soft light from the upper left, a faint green rim light along one edge, deep shadows, shallow depth of field, the subject filling the frame. Square 1:1. Photorealistic. No text, no lettering, no logos, no packaging branding, no hands, no people, no watermark."
124,9livetraysizel.jpg,9live TRAY Size L,Equipment,gear,YES,A-missing,"9live TRAY Size L, a piece of smoking equipment, standing upright with its material and finish clearly readable. Shoot it like a premium dispensary product photograph: the subject centred on a matte charcoal-black surface, a single soft light from the upper left, a faint green rim light along one edge, deep shadows, shallow depth of field, the subject filling the frame. Square 1:1. Photorealistic. No text, no lettering, no logos, no packaging branding, no hands, no people, no watermark."
125,auraclnightcbn100mgcbd500mg.jpg,Auracl Night [cbn 100mg/cbd 500mg],CBD,cbd,YES,A-missing,"Auracl Night [cbn 100mg/cbd 500mg], a CBD wellness product, standing upright with its form clearly readable. Shoot it like a premium dispensary product photograph: the subject centred on a matte charcoal-black surface, a single soft light from the upper left, a faint green rim light along one edge, deep shadows, shallow depth of field, the subject filling the frame. Square 1:1. Photorealistic. No text, no lettering, no logos, no packaging branding, no hands, no people, no watermark."
126,bongphoenixsizel.jpg,Bong Phoenix Size L,Accessories,gear,YES,A-missing,"Bong Phoenix Size L, a piece of smoking equipment, standing upright with its material and finish clearly readable. Shoot it like a premium dispensary product photograph: the subject centred on a matte charcoal-black surface, a single soft light from the upper left, a faint green rim light along one edge, deep shadows, shallow depth of field, the subject filling the frame. Square 1:1. Photorealistic. No text, no lettering, no logos, no packaging branding, no hands, no people, no watermark."
127,bongphoenixstarsizem.jpg,Bong Phoenix star size M,Accessories,gear,YES,A-missing,"Bong Phoenix star size M, a piece of smoking equipment, standing upright with its material and finish clearly readable. Shoot it like a premium dispensary product photograph: the subject centred on a matte charcoal-black surface, a single soft light from the upper left, a faint green rim light along one edge, deep shadows, shallow depth of field, the subject filling the frame. Square 1:1. Photorealistic. No text, no lettering, no logos, no packaging branding, no hands, no people, no watermark."
128,bongphoenixstarsizes.jpg,Bong Phoenix star size S,Accessories,gear,YES,A-missing,"Bong Phoenix star size S, a piece of smoking equipment, standing upright with its material and finish clearly readable. Shoot it like a premium dispensary product photograph: the subject centred on a matte charcoal-black surface, a single soft light from the upper left, a faint green rim light along one edge, deep shadows, shallow depth of field, the subject filling the frame. Square 1:1. Photorealistic. No text, no lettering, no logos, no packaging branding, no hands, no people, no watermark."
129,bongsmallsize.jpg,Bong small size ( 25 cm ),Accessories,gear,YES,A-missing,"Bong small size ( 25 cm ), a piece of smoking equipment, standing upright with its material and finish clearly readable. Shoot it like a premium dispensary product photograph: the subject centred on a matte charcoal-black surface, a single soft light from the upper left, a faint green rim light along one edge, deep shadows, shallow depth of field, the subject filling the frame. Square 1:1. Photorealistic. No text, no lettering, no logos, no packaging branding, no hands, no people, no watermark."
130,cannabistea.jpg,cannabis tea,CBD,drink,YES,A-missing,"cannabis tea served in the glass it belongs in, condensation on the glass, garnish if it has one, fresh and cold. Shoot it like a premium dispensary product photograph: the subject centred on a matte charcoal-black surface, a single soft light from the upper left, a faint green rim light along one edge, deep shadows, shallow depth of field, the subject filling the frame. Square 1:1. Photorealistic. No text, no lettering, no logos, no packaging branding, no hands, no people, no watermark."
131,cbdbalmgel.jpg,Cbd Balm Gel (ยาหมองเจล Cbd),CBD,cbd,YES,A-missing,"Cbd Balm Gel (ยาหมองเจล Cbd), a CBD wellness product, standing upright with its form clearly readable. Shoot it like a premium dispensary product photograph: the subject centred on a matte charcoal-black surface, a single soft light from the upper left, a faint green rim light along one edge, deep shadows, shallow depth of field, the subject filling the frame. Square 1:1. Photorealistic. No text, no lettering, no logos, no packaging branding, no hands, no people, no watermark."
132,cbdborneooil.jpg,Cbd Borneo Oil (Cbd พิมเสนน้ำ),CBD,cbd,YES,A-missing,"Cbd Borneo Oil (Cbd พิมเสนน้ำ), a CBD wellness product, standing upright with its form clearly readable. Shoot it like a premium dispensary product photograph: the subject centred on a matte charcoal-black surface, a single soft light from the upper left, a faint green rim light along one edge, deep shadows, shallow depth of field, the subject filling the frame. Square 1:1. Photorealistic. No text, no lettering, no logos, no packaging branding, no hands, no people, no watermark."
133,cbdmassageoil.jpg,Cbd Massage Oil,CBD,cbd,YES,A-missing,"Cbd Massage Oil, a CBD wellness product, standing upright with its form clearly readable. Shoot it like a premium dispensary product photograph: the subject centred on a matte charcoal-black surface, a single soft light from the upper left, a faint green rim light along one edge, deep shadows, shallow depth of field, the subject filling the frame. Square 1:1. Photorealistic. No text, no lettering, no logos, no packaging branding, no hands, no people, no watermark."
134,cbdoilfullspectrum1000mg.jpg,Cbd oil full spectrum 1000 mg,CBD,cbd,YES,A-missing,"Cbd oil full spectrum 1000 mg, a CBD wellness product, standing upright with its form clearly readable. Shoot it like a premium dispensary product photograph: the subject centred on a matte charcoal-black surface, a single soft light from the upper left, a faint green rim light along one edge, deep shadows, shallow depth of field, the subject filling the frame. Square 1:1. Photorealistic. No text, no lettering, no logos, no packaging branding, no hands, no people, no watermark."
135,cbdvitus10f.jpg,CBD VITUS 10F,CBD,cbd,YES,A-missing,"CBD VITUS 10F, a CBD wellness product, standing upright with its form clearly readable. Shoot it like a premium dispensary product photograph: the subject centred on a matte charcoal-black surface, a single soft light from the upper left, a faint green rim light along one edge, deep shadows, shallow depth of field, the subject filling the frame. Square 1:1. Photorealistic. No text, no lettering, no logos, no packaging branding, no hands, no people, no watermark."
136,cbdvtrus5f.jpg,CBD VTRUS 5F,CBD,cbd,YES,A-missing,"CBD VTRUS 5F, a CBD wellness product, standing upright with its form clearly readable. Shoot it like a premium dispensary product photograph: the subject centred on a matte charcoal-black surface, a single soft light from the upper left, a faint green rim light along one edge, deep shadows, shallow depth of field, the subject filling the frame. Square 1:1. Photorealistic. No text, no lettering, no logos, no packaging branding, no hands, no people, no watermark."
137,durbanzjoint.jpg,Durban Z Joint,Pre-Roll,preroll,YES,A-missing,"a single cannabis pre-roll joint at a slight diagonal, unlit, clean white paper with a neat tip, a small mound of freshly ground bright lime-green flower beside it. Strain: Durban Z Joint (Sativa-dominant Hybrid, THC 20-27%), tasting of lemon, citrus, candy. Shoot it like a premium dispensary product photograph: the subject centred on a matte charcoal-black surface, a single soft light from the upper left, a faint green rim light along one edge, deep shadows, shallow depth of field, the subject filling the frame. Square 1:1. Photorealistic. No text, no lettering, no logos, no packaging branding, no hands, no people, no watermark."
138,elevenrosekief.jpg,Eleven Rose Kief,Concentrate,concentrate,YES,A-missing,"a small clear glass jar of cannabis concentrate, a metal dab tool lifting a thick glossy amber strand, the resin glowing warm where light passes through. Shoot it like a premium dispensary product photograph: the subject centred on a matte charcoal-black surface, a single soft light from the upper left, a faint green rim light along one edge, deep shadows, shallow depth of field, the subject filling the frame. Square 1:1. Photorealistic. No text, no lettering, no logos, no packaging branding, no hands, no people, no watermark."
139,greenbirdcbdsoftgel.jpg,greenbird cbd softgel,CBD,cbd,YES,A-missing,"greenbird cbd softgel, a CBD wellness product, standing upright with its form clearly readable. Shoot it like a premium dispensary product photograph: the subject centred on a matte charcoal-black surface, a single soft light from the upper left, a faint green rim light along one edge, deep shadows, shallow depth of field, the subject filling the frame. Square 1:1. Photorealistic. No text, no lettering, no logos, no packaging branding, no hands, no people, no watermark."
140,guantanamerahabana.jpg,Guantanamera habana,Cigar,nicotine,YES,A-missing,"Guantanamera habana standing upright, its shape and proportions clearly readable. Shoot it like a premium dispensary product photograph: the subject centred on a matte charcoal-black surface, a single soft light from the upper left, a faint green rim light along one edge, deep shadows, shallow depth of field, the subject filling the frame. Square 1:1. Photorealistic. No text, no lettering, no logos, no packaging branding, no hands, no people, no watermark."
141,lcgbx2joint.jpg,LCG BX 2 Joint,Pre-Roll,preroll,YES,A-missing,"a single cannabis pre-roll joint at a slight diagonal, unlit, clean white paper with a neat tip, a small mound of freshly ground green flower beside it. Shoot it like a premium dispensary product photograph: the subject centred on a matte charcoal-black surface, a single soft light from the upper left, a faint green rim light along one edge, deep shadows, shallow depth of field, the subject filling the frame. Square 1:1. Photorealistic. No text, no lettering, no logos, no packaging branding, no hands, no people, no watermark."
142,lemonsoapjoint.jpg,Lemon Soap Joint,Pre-Roll,preroll,YES,A-missing,"a single cannabis pre-roll joint at a slight diagonal, unlit, clean white paper with a neat tip, a small mound of freshly ground bright lime-green flower beside it. Shoot it like a premium dispensary product photograph: the subject centred on a matte charcoal-black surface, a single soft light from the upper left, a faint green rim light along one edge, deep shadows, shallow depth of field, the subject filling the frame. Square 1:1. Photorealistic. No text, no lettering, no logos, no packaging branding, no hands, no people, no watermark."
143,livity420sparklingwineabv6thc3.jpg,Livity420 Sparkling Wine Abv6% Thc3%,Drink,drink,YES,A-missing,"Livity420 Sparkling Wine Abv6% Thc3% served in the glass it belongs in, condensation on the glass, garnish if it has one, fresh and cold. Shoot it like a premium dispensary product photograph: the subject centred on a matte charcoal-black surface, a single soft light from the upper left, a faint green rim light along one edge, deep shadows, shallow depth of field, the subject filling the frame. Square 1:1. Photorealistic. No text, no lettering, no logos, no packaging branding, no hands, no people, no watermark."
144,rawclassicsize14.jpg,Raw Classic Size 1/4,Accessories,gear,YES,A-missing,"Raw Classic Size 1/4, a piece of smoking equipment, standing upright with its material and finish clearly readable. Shoot it like a premium dispensary product photograph: the subject centred on a matte charcoal-black surface, a single soft light from the upper left, a faint green rim light along one edge, deep shadows, shallow depth of field, the subject filling the frame. Square 1:1. Photorealistic. No text, no lettering, no logos, no packaging branding, no hands, no people, no watermark."
145,sanenicotinepouches4mg.jpg,Sane Nicotine Pouches 4 mg,Nicotine,nicotine,YES,A-missing,"Sane Nicotine Pouches 4 mg standing upright, its shape and proportions clearly readable. Shoot it like a premium dispensary product photograph: the subject centred on a matte charcoal-black surface, a single soft light from the upper left, a faint green rim light along one edge, deep shadows, shallow depth of field, the subject filling the frame. Square 1:1. Photorealistic. No text, no lettering, no logos, no packaging branding, no hands, no people, no watermark."
146,sourbeltdevourgummies3000mg.jpg,Sour Belt devour Gummies 3000 Mg,Edible,edible,YES,A-missing,"Sour Belt devour Gummies 3000 Mg, a cannabis edible, on a small dark slate plate with a few pieces arranged so the texture reads clearly. Shoot it like a premium dispensary product photograph: the subject centred on a matte charcoal-black surface, a single soft light from the upper left, a faint green rim light along one edge, deep shadows, shallow depth of field, the subject filling the frame. Square 1:1. Photorealistic. No text, no lettering, no logos, no packaging branding, no hands, no people, no watermark."
147,superlemonhazejoint.jpg,super lemon haze joint,Pre-Roll,preroll,YES,A-missing,"a single cannabis pre-roll joint at a slight diagonal, unlit, clean white paper with a neat tip, a small mound of freshly ground bright lime-green flower beside it. Shoot it like a premium dispensary product photograph: the subject centred on a matte charcoal-black surface, a single soft light from the upper left, a faint green rim light along one edge, deep shadows, shallow depth of field, the subject filling the frame. Square 1:1. Photorealistic. No text, no lettering, no logos, no packaging branding, no hands, no people, no watermark."
148,weedforrolljointreview.jpg,weed for roll joint review ( inventory ),Pre-Roll,preroll,YES,A-missing,"a single cannabis pre-roll joint at a slight diagonal, unlit, clean white paper with a neat tip, a small mound of freshly ground green flower beside it. Shoot it like a premium dispensary product photograph: the subject centred on a matte charcoal-black surface, a single soft light from the upper left, a faint green rim light along one edge, deep shadows, shallow depth of field, the subject filling the frame. Square 1:1. Photorealistic. No text, no lettering, no logos, no packaging branding, no hands, no people, no watermark."
149,auracldaycbg100mgcbd500mg.jpg,Auracl Day [cbg 100mg/cbd 500mg],CBD,cbd,YES,A-missing,"Auracl Day [cbg 100mg/cbd 500mg], a CBD wellness product, standing upright with its form clearly readable. Shoot it like a premium dispensary product photograph: the subject centred on a matte charcoal-black surface, a single soft light from the upper left, a faint green rim light along one edge, deep shadows, shallow depth of field, the subject filling the frame. Square 1:1. Photorealistic. No text, no lettering, no logos, no packaging branding, no hands, no people, no watermark."
150,cannabisoil2mgsalus.jpg,Cannabis oil 2mg salus,CBD,cbd,YES,A-missing,"Cannabis oil 2mg salus, a CBD wellness product, standing upright with its form clearly readable. Shoot it like a premium dispensary product photograph: the subject centred on a matte charcoal-black surface, a single soft light from the upper left, a faint green rim light along one edge, deep shadows, shallow depth of field, the subject filling the frame. Square 1:1. Photorealistic. No text, no lettering, no logos, no packaging branding, no hands, no people, no watermark."
151,cannopicbdbotanicalhandbodywash285ml.jpg,Cannopi  cbd botanical hand&body wash 285 ml.,CBD,cbd,YES,A-missing,"Cannopi  cbd botanical hand&body wash 285 ml., a CBD wellness product, standing upright with its form clearly readable. Shoot it like a premium dispensary product photograph: the subject centred on a matte charcoal-black surface, a single soft light from the upper left, a faint green rim light along one edge, deep shadows, shallow depth of field, the subject filling the frame. Square 1:1. Photorealistic. No text, no lettering, no logos, no packaging branding, no hands, no people, no watermark."
152,cannopicbdserenepillowmist100ml.jpg,Cannopi cbd serene pillow mist 100ml,CBD,cbd,YES,A-missing,"Cannopi cbd serene pillow mist 100ml, a CBD wellness product, standing upright with its form clearly readable. Shoot it like a premium dispensary product photograph: the subject centred on a matte charcoal-black surface, a single soft light from the upper left, a faint green rim light along one edge, deep shadows, shallow depth of field, the subject filling the frame. Square 1:1. Photorealistic. No text, no lettering, no logos, no packaging branding, no hands, no people, no watermark."
153,cbdauracl.jpg,CBD Auracl,CBD,cbd,YES,A-missing,"CBD Auracl, a CBD wellness product, standing upright with its form clearly readable. Shoot it like a premium dispensary product photograph: the subject centred on a matte charcoal-black surface, a single soft light from the upper left, a faint green rim light along one edge, deep shadows, shallow depth of field, the subject filling the frame. Square 1:1. Photorealistic. No text, no lettering, no logos, no packaging branding, no hands, no people, no watermark."
154,cbdbalancearomamassagebodyoil200ml.jpg,cbd balance aroma massage& body oil 200ml.,,cbd,YES,A-missing,"cbd balance aroma massage& body oil 200ml., a CBD wellness product, standing upright with its form clearly readable. Shoot it like a premium dispensary product photograph: the subject centred on a matte charcoal-black surface, a single soft light from the upper left, a faint green rim light along one edge, deep shadows, shallow depth of field, the subject filling the frame. Square 1:1. Photorealistic. No text, no lettering, no logos, no packaging branding, no hands, no people, no watermark."
155,charoensookfarm.jpg,charoensook farm,CBD,cbd,YES,A-missing,"charoensook farm, a CBD wellness product, standing upright with its form clearly readable. Shoot it like a premium dispensary product photograph: the subject centred on a matte charcoal-black surface, a single soft light from the upper left, a faint green rim light along one edge, deep shadows, shallow depth of field, the subject filling the frame. Square 1:1. Photorealistic. No text, no lettering, no logos, no packaging branding, no hands, no people, no watermark."
156,devoursnanogummies500mg.jpg,Devours Nano Gummies 500mg,Edible,edible,YES,A-missing,"Devours Nano Gummies 500mg, a cannabis edible, on a small dark slate plate with a few pieces arranged so the texture reads clearly. Shoot it like a premium dispensary product photograph: the subject centred on a matte charcoal-black surface, a single soft light from the upper left, a faint green rim light along one edge, deep shadows, shallow depth of field, the subject filling the frame. Square 1:1. Photorealistic. No text, no lettering, no logos, no packaging branding, no hands, no people, no watermark."
157,dogfruithash.jpg,Dog Fruit Hash,Concentrate,concentrate,YES,A-missing,"a small clear glass jar of cannabis concentrate, a metal dab tool lifting a thick glossy amber strand, the resin glowing warm where light passes through. Shoot it like a premium dispensary product photograph: the subject centred on a matte charcoal-black surface, a single soft light from the upper left, a faint green rim light along one edge, deep shadows, shallow depth of field, the subject filling the frame. Square 1:1. Photorealistic. No text, no lettering, no logos, no packaging branding, no hands, no people, no watermark."
158,ediblelandgummy500mg.jpg,EdibleLand Gummy 500MG,Edible,edible,YES,A-missing,"EdibleLand Gummy 500MG, a cannabis edible, on a small dark slate plate with a few pieces arranged so the texture reads clearly. Shoot it like a premium dispensary product photograph: the subject centred on a matte charcoal-black surface, a single soft light from the upper left, a faint green rim light along one edge, deep shadows, shallow depth of field, the subject filling the frame. Square 1:1. Photorealistic. No text, no lettering, no logos, no packaging branding, no hands, no people, no watermark."
159,fitlyproteinbar.jpg,Fitly Protein bar,Snack,food,YES,A-missing,"Fitly Protein bar plated on dark ceramic seen from a high angle, fresh and steaming, styled like a bar-kitchen menu photograph. Shoot it like a premium dispensary product photograph: the subject centred on a matte charcoal-black surface, a single soft light from the upper left, a faint green rim light along one edge, deep shadows, shallow depth of field, the subject filling the frame. Square 1:1. Photorealistic. No text, no lettering, no logos, no packaging branding, no hands, no people, no watermark."
160,greenbirdhempseed.jpg,Greenbird hempseed,CBD,seed,YES,A-missing,"a few cannabis seeds with dark tiger-striped shells on a piece of slate beside a tiny glass vial. Shoot it like a premium dispensary product photograph: the subject centred on a matte charcoal-black surface, a single soft light from the upper left, a faint green rim light along one edge, deep shadows, shallow depth of field, the subject filling the frame. Square 1:1. Photorealistic. No text, no lettering, no logos, no packaging branding, no hands, no people, no watermark."
161,grinderaluminum2place.jpg,Grinder Aluminum 2 Place,Accessories,gear,YES,A-missing,"Grinder Aluminum 2 Place, a piece of smoking equipment, standing upright with its material and finish clearly readable. Shoot it like a premium dispensary product photograph: the subject centred on a matte charcoal-black surface, a single soft light from the upper left, a faint green rim light along one edge, deep shadows, shallow depth of field, the subject filling the frame. Square 1:1. Photorealistic. No text, no lettering, no logos, no packaging branding, no hands, no people, no watermark."
162,punchpetitcoronation.jpg,Punch Petit Coronation,Cigar,nicotine,YES,A-missing,"Punch Petit Coronation standing upright, its shape and proportions clearly readable. Shoot it like a premium dispensary product photograph: the subject centred on a matte charcoal-black surface, a single soft light from the upper left, a faint green rim light along one edge, deep shadows, shallow depth of field, the subject filling the frame. Square 1:1. Photorealistic. No text, no lettering, no logos, no packaging branding, no hands, no people, no watermark."
163,quinterobrevas.jpg,Quintero Brevas,Cigar,nicotine,YES,A-missing,"Quintero Brevas standing upright, its shape and proportions clearly readable. Shoot it like a premium dispensary product photograph: the subject centred on a matte charcoal-black surface, a single soft light from the upper left, a faint green rim light along one edge, deep shadows, shallow depth of field, the subject filling the frame. Square 1:1. Photorealistic. No text, no lettering, no logos, no packaging branding, no hands, no people, no watermark."
164,rawclassickingsizetip.jpg,Raw Classic Kingsize + Tip,Accessories,gear,YES,A-missing,"Raw Classic Kingsize + Tip, a piece of smoking equipment, standing upright with its material and finish clearly readable. Shoot it like a premium dispensary product photograph: the subject centred on a matte charcoal-black surface, a single soft light from the upper left, a faint green rim light along one edge, deep shadows, shallow depth of field, the subject filling the frame. Square 1:1. Photorealistic. No text, no lettering, no logos, no packaging branding, no hands, no people, no watermark."
165,romeoyjulietamillefleur.jpg,Romeo Y Julieta Mille Fleur,Cigar,nicotine,YES,A-missing,"Romeo Y Julieta Mille Fleur standing upright, its shape and proportions clearly readable. Shoot it like a premium dispensary product photograph: the subject centred on a matte charcoal-black surface, a single soft light from the upper left, a faint green rim light along one edge, deep shadows, shallow depth of field, the subject filling the frame. Square 1:1. Photorealistic. No text, no lettering, no logos, no packaging branding, no hands, no people, no watermark."
166,romeoyjulietano3.jpg,Romeo Y Julieta No.3,Cigar,nicotine,YES,A-missing,"Romeo Y Julieta No.3 standing upright, its shape and proportions clearly readable. Shoot it like a premium dispensary product photograph: the subject centred on a matte charcoal-black surface, a single soft light from the upper left, a faint green rim light along one edge, deep shadows, shallow depth of field, the subject filling the frame. Square 1:1. Photorealistic. No text, no lettering, no logos, no packaging branding, no hands, no people, no watermark."
167,romeoyjulietapuritos.jpg,Romeo Y Julieta Puritos,Cigar,nicotine,YES,A-missing,"Romeo Y Julieta Puritos standing upright, its shape and proportions clearly readable. Shoot it like a premium dispensary product photograph: the subject centred on a matte charcoal-black surface, a single soft light from the upper left, a faint green rim light along one edge, deep shadows, shallow depth of field, the subject filling the frame. Square 1:1. Photorealistic. No text, no lettering, no logos, no packaging branding, no hands, no people, no watermark."
168,unikornbong.jpg,Unikorn Bong,Accessories,gear,YES,A-missing,"Unikorn Bong, a piece of smoking equipment, standing upright with its material and finish clearly readable. Shoot it like a premium dispensary product photograph: the subject centred on a matte charcoal-black surface, a single soft light from the upper left, a faint green rim light along one edge, deep shadows, shallow depth of field, the subject filling the frame. Square 1:1. Photorealistic. No text, no lettering, no logos, no packaging branding, no hands, no people, no watermark."
169,vtrusnormal.jpg,Vtrus normal,CBD,cbd,YES,A-missing,"Vtrus normal, a CBD wellness product, standing upright with its form clearly readable. Shoot it like a premium dispensary product photograph: the subject centred on a matte charcoal-black surface, a single soft light from the upper left, a faint green rim light along one edge, deep shadows, shallow depth of field, the subject filling the frame. Square 1:1. Photorealistic. No text, no lettering, no logos, no packaging branding, no hands, no people, no watermark."
170,zynnicotinemedium.jpg,Zyn nicotine Medium,Nicotine,nicotine,YES,A-missing,"Zyn nicotine Medium standing upright, its shape and proportions clearly readable. Shoot it like a premium dispensary product photograph: the subject centred on a matte charcoal-black surface, a single soft light from the upper left, a faint green rim light along one edge, deep shadows, shallow depth of field, the subject filling the frame. Square 1:1. Photorealistic. No text, no lettering, no logos, no packaging branding, no hands, no people, no watermark."
171,durbanz.jpg,Durban Z,Exotics,flower,YES,A-missing,"One premium cured cannabis flower bud of the strain Durban Z, a sativa-dominant hybrid — golden-green and lime leaves, vivid amber-orange pistils, a bright sugary coat of trichomes. The flower reads as lemon, citrus, candy. Dense and top-shelf, the sort of bud sold at 20-27% THC. Macro product shot, the trichomes and pistils sharp in the centre of the bud, the back of the nugget falling gently out of focus. Nothing else in the frame — no jar, no tray, no scattered leaf. Shoot it like a premium dispensary product photograph: the subject centred on a matte charcoal-black surface, a single soft light from the upper left, a faint green rim light along one edge, deep shadows, shallow depth of field, the subject filling the frame. Square 1:1. Photorealistic. No text, no lettering, no logos, no packaging branding, no hands, no people, no watermark."
172,9livestraymsize.jpg,9 lives Tray M size,Equipment,gear,no,A-missing,"9 lives Tray M size, a piece of smoking equipment, standing upright with its material and finish clearly readable. Shoot it like a premium dispensary product photograph: the subject centred on a matte charcoal-black surface, a single soft light from the upper left, a faint green rim light along one edge, deep shadows, shallow depth of field, the subject filling the frame. Square 1:1. Photorealistic. No text, no lettering, no logos, no packaging branding, no hands, no people, no watermark."
173,ananipabeer.jpg,Anan Ipa Beer,Beer,beer,no,A-missing,"Anan Ipa Beer poured into a clean glass beside its chilled can, a good head on the beer, condensation on both. Shoot it like a premium dispensary product photograph: the subject centred on a matte charcoal-black surface, a single soft light from the upper left, a faint green rim light along one edge, deep shadows, shallow depth of field, the subject filling the frame. Square 1:1. Photorealistic. No text, no lettering, no logos, no packaging branding, no hands, no people, no watermark."
174,animaltiramisujoint.jpg,Animal Tiramisu Joint,Pre-Roll,preroll,no,A-missing,"a single cannabis pre-roll joint at a slight diagonal, unlit, clean white paper with a neat tip, a small mound of freshly ground green flower beside it. Shoot it like a premium dispensary product photograph: the subject centred on a matte charcoal-black surface, a single soft light from the upper left, a faint green rim light along one edge, deep shadows, shallow depth of field, the subject filling the frame. Square 1:1. Photorealistic. No text, no lettering, no logos, no packaging branding, no hands, no people, no watermark."
175,asia420.jpg,Asia 420,,other,no,A-missing,"Asia 420, presented simply so the product itself is unmistakable. Shoot it like a premium dispensary product photograph: the subject centred on a matte charcoal-black surface, a single soft light from the upper left, a faint green rim light along one edge, deep shadows, shallow depth of field, the subject filling the frame. Square 1:1. Photorealistic. No text, no lettering, no logos, no packaging branding, no hands, no people, no watermark."
176,backwoodpiece.jpg,Backwood piece ( mix flavor ),Blunt,blunt,no,A-missing,"a single cannabis blunt, unlit, in a dark tobacco leaf wrap with a visible seam, two whole buds behind it slightly out of focus. Shoot it like a premium dispensary product photograph: the subject centred on a matte charcoal-black surface, a single soft light from the upper left, a faint green rim light along one edge, deep shadows, shallow depth of field, the subject filling the frame. Square 1:1. Photorealistic. No text, no lettering, no logos, no packaging branding, no hands, no people, no watermark."
177,bangkoklemon1joint.jpg,Bangkok Lemon 1 Joint,Pre-Roll,preroll,no,A-missing,"a single cannabis pre-roll joint at a slight diagonal, unlit, clean white paper with a neat tip, a small mound of freshly ground bright lime-green flower beside it. Shoot it like a premium dispensary product photograph: the subject centred on a matte charcoal-black surface, a single soft light from the upper left, a faint green rim light along one edge, deep shadows, shallow depth of field, the subject filling the frame. Square 1:1. Photorealistic. No text, no lettering, no logos, no packaging branding, no hands, no people, no watermark."
178,bigchief2000mg.jpg,big chief 2000 mg,Vape,vape,no,A-missing,"one sleek cannabis vape cartridge standing upright, amber oil visible through a small glass window, a soft reflection beneath it. Shoot it like a premium dispensary product photograph: the subject centred on a matte charcoal-black surface, a single soft light from the upper left, a faint green rim light along one edge, deep shadows, shallow depth of field, the subject filling the frame. Square 1:1. Photorealistic. No text, no lettering, no logos, no packaging branding, no hands, no people, no watermark."
179,bigchiefdou.jpg,big chief DOU,Vape,vape,no,A-missing,"one sleek cannabis vape cartridge standing upright, amber oil visible through a small glass window, a soft reflection beneath it. Shoot it like a premium dispensary product photograph: the subject centred on a matte charcoal-black surface, a single soft light from the upper left, a faint green rim light along one edge, deep shadows, shallow depth of field, the subject filling the frame. Square 1:1. Photorealistic. No text, no lettering, no logos, no packaging branding, no hands, no people, no watermark."
180,blackwoodchocolate.jpg,Blackwood chocolate,Equipment,edible,no,A-missing,"Blackwood chocolate, a cannabis edible, on a small dark slate plate with a few pieces arranged so the texture reads clearly. Shoot it like a premium dispensary product photograph: the subject centred on a matte charcoal-black surface, a single soft light from the upper left, a faint green rim light along one edge, deep shadows, shallow depth of field, the subject filling the frame. Square 1:1. Photorealistic. No text, no lettering, no logos, no packaging branding, no hands, no people, no watermark."
181,blackwoodrussiancream.jpg,Blackwood Russian Cream,Blunt,blunt,no,A-missing,"a single cannabis blunt, unlit, in a dark tobacco leaf wrap with a visible seam, two whole buds behind it slightly out of focus. Shoot it like a premium dispensary product photograph: the subject centred on a matte charcoal-black surface, a single soft light from the upper left, a faint green rim light along one edge, deep shadows, shallow depth of field, the subject filling the frame. Square 1:1. Photorealistic. No text, no lettering, no logos, no packaging branding, no hands, no people, no watermark."
182,bongmarinoxl.jpg,Bong Marino Xl,Accessories,gear,no,A-missing,"Bong Marino Xl, a piece of smoking equipment, standing upright with its material and finish clearly readable. Shoot it like a premium dispensary product photograph: the subject centred on a matte charcoal-black surface, a single soft light from the upper left, a faint green rim light along one edge, deep shadows, shallow depth of field, the subject filling the frame. Square 1:1. Photorealistic. No text, no lettering, no logos, no packaging branding, no hands, no people, no watermark."
183,bottlewater.jpg,Bottle Water,Drink,drink,no,A-missing,"Bottle Water served in the glass it belongs in, condensation on the glass, garnish if it has one, fresh and cold. Shoot it like a premium dispensary product photograph: the subject centred on a matte charcoal-black surface, a single soft light from the upper left, a faint green rim light along one edge, deep shadows, shallow depth of field, the subject filling the frame. Square 1:1. Photorealistic. No text, no lettering, no logos, no packaging branding, no hands, no people, no watermark."
184,bubblehash.jpg,Bubble hash,Concentrate,concentrate,no,A-missing,"a small clear glass jar of cannabis concentrate, a metal dab tool lifting a thick glossy amber strand, the resin glowing warm where light passes through. Shoot it like a premium dispensary product photograph: the subject centred on a matte charcoal-black surface, a single soft light from the upper left, a faint green rim light along one edge, deep shadows, shallow depth of field, the subject filling the frame. Square 1:1. Photorealistic. No text, no lettering, no logos, no packaging branding, no hands, no people, no watermark."
185,bubblegum.jpg,Bubblegum,Weed,flower,no,A-missing,"One premium cured cannabis flower bud, single nugget, dense mid-green leaves with a few purple edges, warm orange pistils, a generous white coat of trichomes. Macro product shot, the trichomes and pistils sharp in the centre of the bud, the back of the nugget falling gently out of focus. Nothing else in the frame — no jar, no tray, no scattered leaf. Shoot it like a premium dispensary product photograph: the subject centred on a matte charcoal-black surface, a single soft light from the upper left, a faint green rim light along one edge, deep shadows, shallow depth of field, the subject filling the frame. Square 1:1. Photorealistic. No text, no lettering, no logos, no packaging branding, no hands, no people, no watermark."
186,burgerclassic.jpg,Burger Classic,Food,food,no,A-missing,"Burger Classic plated on dark ceramic seen from a high angle, fresh and steaming, styled like a bar-kitchen menu photograph. Shoot it like a premium dispensary product photograph: the subject centred on a matte charcoal-black surface, a single soft light from the upper left, a faint green rim light along one edge, deep shadows, shallow depth of field, the subject filling the frame. Square 1:1. Photorealistic. No text, no lettering, no logos, no packaging branding, no hands, no people, no watermark."
187,camelbluecigarette.jpg,Camel Blue Cigarette,Nicotine,nicotine,no,A-missing,"Camel Blue Cigarette standing upright, its shape and proportions clearly readable. Shoot it like a premium dispensary product photograph: the subject centred on a matte charcoal-black surface, a single soft light from the upper left, a faint green rim light along one edge, deep shadows, shallow depth of field, the subject filling the frame. Square 1:1. Photorealistic. No text, no lettering, no logos, no packaging branding, no hands, no people, no watermark."
188,canmak.jpg,canmak,,other,no,A-missing,"canmak, presented simply so the product itself is unmistakable. Shoot it like a premium dispensary product photograph: the subject centred on a matte charcoal-black surface, a single soft light from the upper left, a faint green rim light along one edge, deep shadows, shallow depth of field, the subject filling the frame. Square 1:1. Photorealistic. No text, no lettering, no logos, no packaging branding, no hands, no people, no watermark."
189,caramelbrownies100mg.jpg,Caramel Brownies 100mg,Edible,edible,no,A-missing,"Caramel Brownies 100mg, a cannabis edible, on a small dark slate plate with a few pieces arranged so the texture reads clearly. Shoot it like a premium dispensary product photograph: the subject centred on a matte charcoal-black surface, a single soft light from the upper left, a faint green rim light along one edge, deep shadows, shallow depth of field, the subject filling the frame. Square 1:1. Photorealistic. No text, no lettering, no logos, no packaging branding, no hands, no people, no watermark."
190,chickenkaraage.jpg,Chicken Karaage,Food,food,no,A-missing,"Chicken Karaage plated on dark ceramic seen from a high angle, fresh and steaming, styled like a bar-kitchen menu photograph. Shoot it like a premium dispensary product photograph: the subject centred on a matte charcoal-black surface, a single soft light from the upper left, a faint green rim light along one edge, deep shadows, shallow depth of field, the subject filling the frame. Square 1:1. Photorealistic. No text, no lettering, no logos, no packaging branding, no hands, no people, no watermark."
191,chickennugget.jpg,chicken nugget,Food,food,no,A-missing,"chicken nugget plated on dark ceramic seen from a high angle, fresh and steaming, styled like a bar-kitchen menu photograph. Shoot it like a premium dispensary product photograph: the subject centred on a matte charcoal-black surface, a single soft light from the upper left, a faint green rim light along one edge, deep shadows, shallow depth of field, the subject filling the frame. Square 1:1. Photorealistic. No text, no lettering, no logos, no packaging branding, no hands, no people, no watermark."
192,chickentender.jpg,Chicken Tender,Food,food,no,A-missing,"Chicken Tender plated on dark ceramic seen from a high angle, fresh and steaming, styled like a bar-kitchen menu photograph. Shoot it like a premium dispensary product photograph: the subject centred on a matte charcoal-black surface, a single soft light from the upper left, a faint green rim light along one edge, deep shadows, shallow depth of field, the subject filling the frame. Square 1:1. Photorealistic. No text, no lettering, no logos, no packaging branding, no hands, no people, no watermark."
193,chocolatechipjoint.jpg,chocolate chip joint,,preroll,no,A-missing,"a single cannabis pre-roll joint at a slight diagonal, unlit, clean white paper with a neat tip, a small mound of freshly ground green flower beside it. Shoot it like a premium dispensary product photograph: the subject centred on a matte charcoal-black surface, a single soft light from the upper left, a faint green rim light along one edge, deep shadows, shallow depth of field, the subject filling the frame. Square 1:1. Photorealistic. No text, no lettering, no logos, no packaging branding, no hands, no people, no watermark."
194,chocolatecrip.jpg,chocolate crip,joint,preroll,no,A-missing,"a single cannabis pre-roll joint at a slight diagonal, unlit, clean white paper with a neat tip, a small mound of freshly ground green flower beside it. Strain: chocolate crip (Hybrid). Shoot it like a premium dispensary product photograph: the subject centred on a matte charcoal-black surface, a single soft light from the upper left, a faint green rim light along one edge, deep shadows, shallow depth of field, the subject filling the frame. Square 1:1. Photorealistic. No text, no lettering, no logos, no packaging branding, no hands, no people, no watermark."
195,clipperjetlighter.jpg,Clipper Jet Lighter,Accessories,gear,no,A-missing,"Clipper Jet Lighter, a piece of smoking equipment, standing upright with its material and finish clearly readable. Shoot it like a premium dispensary product photograph: the subject centred on a matte charcoal-black surface, a single soft light from the upper left, a faint green rim light along one edge, deep shadows, shallow depth of field, the subject filling the frame. Square 1:1. Photorealistic. No text, no lettering, no logos, no packaging branding, no hands, no people, no watermark."
196,cricketlighternormal.jpg,Cricket Lighter normal,Accessories,gear,no,A-missing,"Cricket Lighter normal, a piece of smoking equipment, standing upright with its material and finish clearly readable. Shoot it like a premium dispensary product photograph: the subject centred on a matte charcoal-black surface, a single soft light from the upper left, a faint green rim light along one edge, deep shadows, shallow depth of field, the subject filling the frame. Square 1:1. Photorealistic. No text, no lettering, no logos, no packaging branding, no hands, no people, no watermark."
197,customwatch.jpg,custom watch,Special / Merch,merch,no,A-missing,"custom watch laid flat and neatly arranged, fabric texture visible. Shoot it like a premium dispensary product photograph: the subject centred on a matte charcoal-black surface, a single soft light from the upper left, a faint green rim light along one edge, deep shadows, shallow depth of field, the subject filling the frame. Square 1:1. Photorealistic. No text, no lettering, no logos, no packaging branding, no hands, no people, no watermark."
198,dankgrinder.jpg,Dank Grinder,Equipment,gear,no,A-missing,"Dank Grinder, a piece of smoking equipment, standing upright with its material and finish clearly readable. Shoot it like a premium dispensary product photograph: the subject centred on a matte charcoal-black surface, a single soft light from the upper left, a faint green rim light along one edge, deep shadows, shallow depth of field, the subject filling the frame. Square 1:1. Photorealistic. No text, no lettering, no logos, no packaging branding, no hands, no people, no watermark."
199,dankgummies500mg.jpg,Dank Gummies 500mg,Edible,edible,no,A-missing,"Dank Gummies 500mg, a cannabis edible, on a small dark slate plate with a few pieces arranged so the texture reads clearly. Shoot it like a premium dispensary product photograph: the subject centred on a matte charcoal-black surface, a single soft light from the upper left, a faint green rim light along one edge, deep shadows, shallow depth of field, the subject filling the frame. Square 1:1. Photorealistic. No text, no lettering, no logos, no packaging branding, no hands, no people, no watermark."
200,deenaherbal.jpg,Dee na herbal,CBD,cbd,no,A-missing,"Dee na herbal, a CBD wellness product, standing upright with its form clearly readable. Shoot it like a premium dispensary product photograph: the subject centred on a matte charcoal-black surface, a single soft light from the upper left, a faint green rim light along one edge, deep shadows, shallow depth of field, the subject filling the frame. Square 1:1. Photorealistic. No text, no lettering, no logos, no packaging branding, no hands, no people, no watermark."
201,designermarkerjoint.jpg,Designer Marker Joint,Pre-Roll,preroll,no,A-missing,"a single cannabis pre-roll joint at a slight diagonal, unlit, clean white paper with a neat tip, a small mound of freshly ground green flower beside it. Shoot it like a premium dispensary product photograph: the subject centred on a matte charcoal-black surface, a single soft light from the upper left, a faint green rim light along one edge, deep shadows, shallow depth of field, the subject filling the frame. Square 1:1. Photorealistic. No text, no lettering, no logos, no packaging branding, no hands, no people, no watermark."
202,designermarker11.jpg,Designer Marker11,Exotics,flower,no,A-missing,"One premium cured cannabis flower bud of the strain Designer Marker11, a hybrid — bright green leaves flushed with magenta, hot orange pistils, a glittering candy-like coat of trichomes. Macro product shot, the trichomes and pistils sharp in the centre of the bud, the back of the nugget falling gently out of focus. Nothing else in the frame — no jar, no tray, no scattered leaf. Shoot it like a premium dispensary product photograph: the subject centred on a matte charcoal-black surface, a single soft light from the upper left, a faint green rim light along one edge, deep shadows, shallow depth of field, the subject filling the frame. Square 1:1. Photorealistic. No text, no lettering, no logos, no packaging branding, no hands, no people, no watermark."
203,devourthclean1000mg.jpg,Devour THC Lean 1000 Mg,Edible,edible,no,A-missing,"Devour THC Lean 1000 Mg, a cannabis edible, on a small dark slate plate with a few pieces arranged so the texture reads clearly. Shoot it like a premium dispensary product photograph: the subject centred on a matte charcoal-black surface, a single soft light from the upper left, a faint green rim light along one edge, deep shadows, shallow depth of field, the subject filling the frame. Square 1:1. Photorealistic. No text, no lettering, no logos, no packaging branding, no hands, no people, no watermark."
204,devourxpolaroidgummiesmushroom5g.jpg,Devour X Polaroid Gummies Mushroom 5G,Edible,edible,no,A-missing,"Devour X Polaroid Gummies Mushroom 5G, a cannabis edible, on a small dark slate plate with a few pieces arranged so the texture reads clearly. Shoot it like a premium dispensary product photograph: the subject centred on a matte charcoal-black surface, a single soft light from the upper left, a faint green rim light along one edge, deep shadows, shallow depth of field, the subject filling the frame. Square 1:1. Photorealistic. No text, no lettering, no logos, no packaging branding, no hands, no people, no watermark."
205,dicktator.jpg,Dicktator,,other,no,A-missing,"Dicktator, presented simply so the product itself is unmistakable. Shoot it like a premium dispensary product photograph: the subject centred on a matte charcoal-black surface, a single soft light from the upper left, a faint green rim light along one edge, deep shadows, shallow depth of field, the subject filling the frame. Square 1:1. Photorealistic. No text, no lettering, no logos, no packaging branding, no hands, no people, no watermark."
206,durianpop.jpg,Durian Pop,Mid Grade,flower,no,A-missing,"One premium cured cannabis flower bud of the strain Durian Pop, a hybrid — golden-green and lime leaves, vivid amber-orange pistils, a bright sugary coat of trichomes. Macro product shot, the trichomes and pistils sharp in the centre of the bud, the back of the nugget falling gently out of focus. Nothing else in the frame — no jar, no tray, no scattered leaf. Shoot it like a premium dispensary product photograph: the subject centred on a matte charcoal-black surface, a single soft light from the upper left, a faint green rim light along one edge, deep shadows, shallow depth of field, the subject filling the frame. Square 1:1. Photorealistic. No text, no lettering, no logos, no packaging branding, no hands, no people, no watermark."
207,durianpopjoint.jpg,Durian Pop Joint,Pre-Roll,preroll,no,A-missing,"a single cannabis pre-roll joint at a slight diagonal, unlit, clean white paper with a neat tip, a small mound of freshly ground green flower beside it. Strain: Durian Pop Joint (Hybrid). Shoot it like a premium dispensary product photograph: the subject centred on a matte charcoal-black surface, a single soft light from the upper left, a faint green rim light along one edge, deep shadows, shallow depth of field, the subject filling the frame. Square 1:1. Photorealistic. No text, no lettering, no logos, no packaging branding, no hands, no people, no watermark."
208,emergenc.jpg,Emergen C,Exotics,flower,no,A-missing,"One premium cured cannabis flower bud of the strain Emergen C, a hybrid — golden-green and lime leaves, vivid amber-orange pistils, a bright sugary coat of trichomes. The flower reads as orange, citrus, peach. Dense and top-shelf, the sort of bud sold at 22% THC. Macro product shot, the trichomes and pistils sharp in the centre of the bud, the back of the nugget falling gently out of focus. Nothing else in the frame — no jar, no tray, no scattered leaf. Shoot it like a premium dispensary product photograph: the subject centred on a matte charcoal-black surface, a single soft light from the upper left, a faint green rim light along one edge, deep shadows, shallow depth of field, the subject filling the frame. Square 1:1. Photorealistic. No text, no lettering, no logos, no packaging branding, no hands, no people, no watermark."
209,emergencjoint.jpg,Emergen C Joint,joint,preroll,no,A-missing,"a single cannabis pre-roll joint at a slight diagonal, unlit, clean white paper with a neat tip, a small mound of freshly ground bright lime-green flower beside it. Strain: Emergen C Joint (Hybrid, THC 22%), tasting of orange, citrus, peach. Shoot it like a premium dispensary product photograph: the subject centred on a matte charcoal-black surface, a single soft light from the upper left, a faint green rim light along one edge, deep shadows, shallow depth of field, the subject filling the frame. Square 1:1. Photorealistic. No text, no lettering, no logos, no packaging branding, no hands, no people, no watermark."
210,fishstick.jpg,Fish Stick,Food,food,no,A-missing,"Fish Stick plated on dark ceramic seen from a high angle, fresh and steaming, styled like a bar-kitchen menu photograph. Shoot it like a premium dispensary product photograph: the subject centred on a matte charcoal-black surface, a single soft light from the upper left, a faint green rim light along one edge, deep shadows, shallow depth of field, the subject filling the frame. Square 1:1. Photorealistic. No text, no lettering, no logos, no packaging branding, no hands, no people, no watermark."
211,frenchfried.jpg,French Fried,Food,food,no,A-missing,"French Fried plated on dark ceramic seen from a high angle, fresh and steaming, styled like a bar-kitchen menu photograph. Shoot it like a premium dispensary product photograph: the subject centred on a matte charcoal-black surface, a single soft light from the upper left, a faint green rim light along one edge, deep shadows, shallow depth of field, the subject filling the frame. Square 1:1. Photorealistic. No text, no lettering, no logos, no packaging branding, no hands, no people, no watermark."
212,fruityjuicy80realjuice.jpg,Fruity Juicy 80%Real Juice,Drink,drink,no,A-missing,"Fruity Juicy 80%Real Juice served in the glass it belongs in, condensation on the glass, garnish if it has one, fresh and cold. Shoot it like a premium dispensary product photograph: the subject centred on a matte charcoal-black surface, a single soft light from the upper left, a faint green rim light along one edge, deep shadows, shallow depth of field, the subject filling the frame. Square 1:1. Photorealistic. No text, no lettering, no logos, no packaging branding, no hands, no people, no watermark."
213,gaslighterbigsizepp.jpg,Gas Lighter Big Size pp,Accessories,gear,no,A-missing,"Gas Lighter Big Size pp, a piece of smoking equipment, standing upright with its material and finish clearly readable. Shoot it like a premium dispensary product photograph: the subject centred on a matte charcoal-black surface, a single soft light from the upper left, a faint green rim light along one edge, deep shadows, shallow depth of field, the subject filling the frame. Square 1:1. Photorealistic. No text, no lettering, no logos, no packaging branding, no hands, no people, no watermark."
214,gemsnowpineappleexpressjoint.jpg,Gem Snow Pineapple Express Joint,Pre-Roll,preroll,no,A-missing,"a single cannabis pre-roll joint at a slight diagonal, unlit, clean white paper with a neat tip, a small mound of freshly ground bright lime-green flower beside it. Strain: Gem Snow Pineapple Express Joint (Sativa-dominant Hybrid, THC 18-26%), tasting of pineapple, citrus, pine. Shoot it like a premium dispensary product photograph: the subject centred on a matte charcoal-black surface, a single soft light from the upper left, a faint green rim light along one edge, deep shadows, shallow depth of field, the subject filling the frame. Square 1:1. Photorealistic. No text, no lettering, no logos, no packaging branding, no hands, no people, no watermark."
215,geminithinbrownie150mg.jpg,Gemini Thin Brownie 150Mg,Edible,edible,no,A-missing,"Gemini Thin Brownie 150Mg, a cannabis edible, on a small dark slate plate with a few pieces arranged so the texture reads clearly. Shoot it like a premium dispensary product photograph: the subject centred on a matte charcoal-black surface, a single soft light from the upper left, a faint green rim light along one edge, deep shadows, shallow depth of field, the subject filling the frame. Square 1:1. Photorealistic. No text, no lettering, no logos, no packaging branding, no hands, no people, no watermark."
216,goodchitpilsnerbeercan.jpg,good chit Pilsner beer(ชิตเบียร์) can,Beer,beer,no,A-missing,"good chit Pilsner beer(ชิตเบียร์) can poured into a clean glass beside its chilled can, a good head on the beer, condensation on both. Shoot it like a premium dispensary product photograph: the subject centred on a matte charcoal-black surface, a single soft light from the upper left, a faint green rim light along one edge, deep shadows, shallow depth of field, the subject filling the frame. Square 1:1. Photorealistic. No text, no lettering, no logos, no packaging branding, no hands, no people, no watermark."
217,granddadypurple.jpg,Granddady purple,,other,no,A-missing,"Granddady purple, presented simply so the product itself is unmistakable. Shoot it like a premium dispensary product photograph: the subject centred on a matte charcoal-black surface, a single soft light from the upper left, a faint green rim light along one edge, deep shadows, shallow depth of field, the subject filling the frame. Square 1:1. Photorealistic. No text, no lettering, no logos, no packaging branding, no hands, no people, no watermark."
218,grapediamondhash.jpg,Grape Diamond Hash,Concentrate,concentrate,no,A-missing,"a small clear glass jar of cannabis concentrate, a metal dab tool lifting a thick glossy amber strand, the resin glowing warm where light passes through. Shoot it like a premium dispensary product photograph: the subject centred on a matte charcoal-black surface, a single soft light from the upper left, a faint green rim light along one edge, deep shadows, shallow depth of field, the subject filling the frame. Square 1:1. Photorealistic. No text, no lettering, no logos, no packaging branding, no hands, no people, no watermark."
219,gummieauraclday.jpg,Gummie auracl Day,CBD,cbd,no,A-missing,"Gummie auracl Day, a CBD wellness product, standing upright with its form clearly readable. Shoot it like a premium dispensary product photograph: the subject centred on a matte charcoal-black surface, a single soft light from the upper left, a faint green rim light along one edge, deep shadows, shallow depth of field, the subject filling the frame. Square 1:1. Photorealistic. No text, no lettering, no logos, no packaging branding, no hands, no people, no watermark."
220,gummieauraclnight.jpg,Gummie auracl Night,CBD,cbd,no,A-missing,"Gummie auracl Night, a CBD wellness product, standing upright with its form clearly readable. Shoot it like a premium dispensary product photograph: the subject centred on a matte charcoal-black surface, a single soft light from the upper left, a faint green rim light along one edge, deep shadows, shallow depth of field, the subject filling the frame. Square 1:1. Photorealistic. No text, no lettering, no logos, no packaging branding, no hands, no people, no watermark."
221,halleberry.jpg,Halle Berry,Equipment,gear,no,A-missing,"Halle Berry, a piece of smoking equipment, standing upright with its material and finish clearly readable. Shoot it like a premium dispensary product photograph: the subject centred on a matte charcoal-black surface, a single soft light from the upper left, a faint green rim light along one edge, deep shadows, shallow depth of field, the subject filling the frame. Square 1:1. Photorealistic. No text, no lettering, no logos, no packaging branding, no hands, no people, no watermark."
222,hashdryshift.jpg,Hash Dry shift,,concentrate,no,A-missing,"a small clear glass jar of cannabis concentrate, a metal dab tool lifting a thick glossy amber strand, the resin glowing warm where light passes through. Shoot it like a premium dispensary product photograph: the subject centred on a matte charcoal-black surface, a single soft light from the upper left, a faint green rim light along one edge, deep shadows, shallow depth of field, the subject filling the frame. Square 1:1. Photorealistic. No text, no lettering, no logos, no packaging branding, no hands, no people, no watermark."
223,icecreametebolarn.jpg,Ice Cream Ete Bolarn,Snack,food,no,A-missing,"Ice Cream Ete Bolarn plated on dark ceramic seen from a high angle, fresh and steaming, styled like a bar-kitchen menu photograph. Shoot it like a premium dispensary product photograph: the subject centred on a matte charcoal-black surface, a single soft light from the upper left, a faint green rim light along one edge, deep shadows, shallow depth of field, the subject filling the frame. Square 1:1. Photorealistic. No text, no lettering, no logos, no packaging branding, no hands, no people, no watermark."
224,jointsreview.jpg,Joints Review,Pre-Roll,preroll,no,A-missing,"a single cannabis pre-roll joint at a slight diagonal, unlit, clean white paper with a neat tip, a small mound of freshly ground green flower beside it. Shoot it like a premium dispensary product photograph: the subject centred on a matte charcoal-black surface, a single soft light from the upper left, a faint green rim light along one edge, deep shadows, shallow depth of field, the subject filling the frame. Square 1:1. Photorealistic. No text, no lettering, no logos, no packaging branding, no hands, no people, no watermark."
225,kratommixsyrup.jpg,kratom mix syrup,Drink,drink,no,A-missing,"kratom mix syrup served in the glass it belongs in, condensation on the glass, garnish if it has one, fresh and cold. Shoot it like a premium dispensary product photograph: the subject centred on a matte charcoal-black surface, a single soft light from the upper left, a faint green rim light along one edge, deep shadows, shallow depth of field, the subject filling the frame. Square 1:1. Photorealistic. No text, no lettering, no logos, no packaging branding, no hands, no people, no watermark."
226,kushwrapsblunt.jpg,"kush wraps blunt (green,pink)",Accessories,blunt,no,A-missing,"a single cannabis blunt, unlit, in a dark tobacco leaf wrap with a visible seam, two whole buds behind it slightly out of focus. Shoot it like a premium dispensary product photograph: the subject centred on a matte charcoal-black surface, a single soft light from the upper left, a faint green rim light along one edge, deep shadows, shallow depth of field, the subject filling the frame. Square 1:1. Photorealistic. No text, no lettering, no logos, no packaging branding, no hands, no people, no watermark."
227,lemoncherrysoap.jpg,Lemon cherry Soap,Top Shelf,flower,no,A-missing,"One premium cured cannabis flower bud of the strain Lemon Cherry Soap, a indica-dominant hybrid — golden-green and lime leaves, vivid amber-orange pistils, a bright sugary coat of trichomes. The flower reads as mint, floral, fruity. Dense and top-shelf, the sort of bud sold at 20-25% THC. Macro product shot, the trichomes and pistils sharp in the centre of the bud, the back of the nugget falling gently out of focus. Nothing else in the frame — no jar, no tray, no scattered leaf. Shoot it like a premium dispensary product photograph: the subject centred on a matte charcoal-black surface, a single soft light from the upper left, a faint green rim light along one edge, deep shadows, shallow depth of field, the subject filling the frame. Square 1:1. Photorealistic. No text, no lettering, no logos, no packaging branding, no hands, no people, no watermark."
228,macaroni.jpg,Macaroni,Food,food,no,A-missing,"Macaroni plated on dark ceramic seen from a high angle, fresh and steaming, styled like a bar-kitchen menu photograph. Shoot it like a premium dispensary product photograph: the subject centred on a matte charcoal-black surface, a single soft light from the upper left, a faint green rim light along one edge, deep shadows, shallow depth of field, the subject filling the frame. Square 1:1. Photorealistic. No text, no lettering, no logos, no packaging branding, no hands, no people, no watermark."
229,malibumarkerjoint.jpg,Malibu Marker Joint,Pre-Roll,preroll,no,A-missing,"a single cannabis pre-roll joint at a slight diagonal, unlit, clean white paper with a neat tip, a small mound of freshly ground green flower beside it. Shoot it like a premium dispensary product photograph: the subject centred on a matte charcoal-black surface, a single soft light from the upper left, a faint green rim light along one edge, deep shadows, shallow depth of field, the subject filling the frame. Square 1:1. Photorealistic. No text, no lettering, no logos, no packaging branding, no hands, no people, no watermark."
230,mangopassioncan.jpg,mango passion can,Beer,beer,no,A-missing,"mango passion can poured into a clean glass beside its chilled can, a good head on the beer, condensation on both. Shoot it like a premium dispensary product photograph: the subject centred on a matte charcoal-black surface, a single soft light from the upper left, a faint green rim light along one edge, deep shadows, shallow depth of field, the subject filling the frame. Square 1:1. Photorealistic. No text, no lettering, no logos, no packaging branding, no hands, no people, no watermark."
231,marbosalthubnicotinevape.jpg,Marbo Salthub Nicotine Vape,Vape,vape,no,A-missing,"one sleek cannabis vape cartridge standing upright, amber oil visible through a small glass window, a soft reflection beneath it. Shoot it like a premium dispensary product photograph: the subject centred on a matte charcoal-black surface, a single soft light from the upper left, a faint green rim light along one edge, deep shadows, shallow depth of field, the subject filling the frame. Square 1:1. Photorealistic. No text, no lettering, no logos, no packaging branding, no hands, no people, no watermark."
232,monkeyhemppaper.jpg,Monkey Hemp paper,,gear,no,A-missing,"Monkey Hemp paper, a piece of smoking equipment, standing upright with its material and finish clearly readable. Shoot it like a premium dispensary product photograph: the subject centred on a matte charcoal-black surface, a single soft light from the upper left, a faint green rim light along one edge, deep shadows, shallow depth of field, the subject filling the frame. Square 1:1. Photorealistic. No text, no lettering, no logos, no packaging branding, no hands, no people, no watermark."
233,mrpcleaningsolution.jpg,Mrp Cleaning Solution,Equipment,gear,no,A-missing,"Mrp Cleaning Solution, a piece of smoking equipment, standing upright with its material and finish clearly readable. Shoot it like a premium dispensary product photograph: the subject centred on a matte charcoal-black surface, a single soft light from the upper left, a faint green rim light along one edge, deep shadows, shallow depth of field, the subject filling the frame. Square 1:1. Photorealistic. No text, no lettering, no logos, no packaging branding, no hands, no people, no watermark."
234,nacho.jpg,Nacho,Food,food,no,A-missing,"Nacho plated on dark ceramic seen from a high angle, fresh and steaming, styled like a bar-kitchen menu photograph. Shoot it like a premium dispensary product photograph: the subject centred on a matte charcoal-black surface, a single soft light from the upper left, a faint green rim light along one edge, deep shadows, shallow depth of field, the subject filling the frame. Square 1:1. Photorealistic. No text, no lettering, no logos, no packaging branding, no hands, no people, no watermark."
235,partagasmillefleurs.jpg,Partagas Mille Fleurs,Cigar,nicotine,no,A-missing,"Partagas Mille Fleurs standing upright, its shape and proportions clearly readable. Shoot it like a premium dispensary product photograph: the subject centred on a matte charcoal-black surface, a single soft light from the upper left, a faint green rim light along one edge, deep shadows, shallow depth of field, the subject filling the frame. Square 1:1. Photorealistic. No text, no lettering, no logos, no packaging branding, no hands, no people, no watermark."
236,partypopper.jpg,Party Popper,Exotics,flower,no,A-missing,"One premium cured cannabis flower bud of the strain Party Popper, a indica-dominant hybrid — dense dark forest-green leaves, rust-orange pistils, a thick greasy layer of trichomes. The flower reads as candy, floral, gas. Macro product shot, the trichomes and pistils sharp in the centre of the bud, the back of the nugget falling gently out of focus. Nothing else in the frame — no jar, no tray, no scattered leaf. Shoot it like a premium dispensary product photograph: the subject centred on a matte charcoal-black surface, a single soft light from the upper left, a faint green rim light along one edge, deep shadows, shallow depth of field, the subject filling the frame. Square 1:1. Photorealistic. No text, no lettering, no logos, no packaging branding, no hands, no people, no watermark."
237,permanentbx1joint.jpg,Permanent bx1 Joint,Pre-Roll,preroll,no,A-missing,"a single cannabis pre-roll joint at a slight diagonal, unlit, clean white paper with a neat tip, a small mound of freshly ground green flower beside it. Strain: Permanent bx1 Joint (Indica-dominant Hybrid, THC 26-29%), tasting of gas, candy, floral. Shoot it like a premium dispensary product photograph: the subject centred on a matte charcoal-black surface, a single soft light from the upper left, a faint green rim light along one edge, deep shadows, shallow depth of field, the subject filling the frame. Square 1:1. Photorealistic. No text, no lettering, no logos, no packaging branding, no hands, no people, no watermark."
238,pineapplebangjoint.jpg,Pine apple Bang Joint,,preroll,no,A-missing,"a single cannabis pre-roll joint at a slight diagonal, unlit, clean white paper with a neat tip, a small mound of freshly ground bright lime-green flower beside it. Strain: Pine apple Bang Joint (Hybrid), tasting of diesel, orange, mint. Shoot it like a premium dispensary product photograph: the subject centred on a matte charcoal-black surface, a single soft light from the upper left, a faint green rim light along one edge, deep shadows, shallow depth of field, the subject filling the frame. Square 1:1. Photorealistic. No text, no lettering, no logos, no packaging branding, no hands, no people, no watermark."
239,pineapplebang.jpg,Pineapple Bang,Mid Grade,flower,no,A-missing,"One premium cured cannabis flower bud of the strain Pineapple Bang, a hybrid — golden-green and lime leaves, vivid amber-orange pistils, a bright sugary coat of trichomes. The flower reads as diesel, orange, mint. Macro product shot, the trichomes and pistils sharp in the centre of the bud, the back of the nugget falling gently out of focus. Nothing else in the frame — no jar, no tray, no scattered leaf. Shoot it like a premium dispensary product photograph: the subject centred on a matte charcoal-black surface, a single soft light from the upper left, a faint green rim light along one edge, deep shadows, shallow depth of field, the subject filling the frame. Square 1:1. Photorealistic. No text, no lettering, no logos, no packaging branding, no hands, no people, no watermark."
240,pipe.jpg,Pipe,Equipment,gear,no,A-missing,"Pipe, a piece of smoking equipment, standing upright with its material and finish clearly readable. Shoot it like a premium dispensary product photograph: the subject centred on a matte charcoal-black surface, a single soft light from the upper left, a faint green rim light along one edge, deep shadows, shallow depth of field, the subject filling the frame. Square 1:1. Photorealistic. No text, no lettering, no logos, no packaging branding, no hands, no people, no watermark."
241,pomegranatewheat.jpg,Pomegranate Wheat,Beer,beer,no,A-missing,"Pomegranate Wheat poured into a clean glass beside its chilled can, a good head on the beer, condensation on both. Shoot it like a premium dispensary product photograph: the subject centred on a matte charcoal-black surface, a single soft light from the upper left, a faint green rim light along one edge, deep shadows, shallow depth of field, the subject filling the frame. Square 1:1. Photorealistic. No text, no lettering, no logos, no packaging branding, no hands, no people, no watermark."
242,popcorn.jpg,Pop corn,Food,food,no,A-missing,"Pop corn plated on dark ceramic seen from a high angle, fresh and steaming, styled like a bar-kitchen menu photograph. Shoot it like a premium dispensary product photograph: the subject centred on a matte charcoal-black surface, a single soft light from the upper left, a faint green rim light along one edge, deep shadows, shallow depth of field, the subject filling the frame. Square 1:1. Photorealistic. No text, no lettering, no logos, no packaging branding, no hands, no people, no watermark."
243,potatowadge.jpg,Potato Wadge,Food,food,no,A-missing,"Potato Wadge plated on dark ceramic seen from a high angle, fresh and steaming, styled like a bar-kitchen menu photograph. Shoot it like a premium dispensary product photograph: the subject centred on a matte charcoal-black surface, a single soft light from the upper left, a faint green rim light along one edge, deep shadows, shallow depth of field, the subject filling the frame. Square 1:1. Photorealistic. No text, no lettering, no logos, no packaging branding, no hands, no people, no watermark."
244,pressure.jpg,Pressure,Exotics,flower,no,A-missing,"One premium cured cannabis flower bud of the strain Pressure, a hybrid — golden-green and lime leaves, vivid amber-orange pistils, a bright sugary coat of trichomes. The flower reads as citrus, pepper, orange. Dense and top-shelf, the sort of bud sold at 21% THC. Macro product shot, the trichomes and pistils sharp in the centre of the bud, the back of the nugget falling gently out of focus. Nothing else in the frame — no jar, no tray, no scattered leaf. Shoot it like a premium dispensary product photograph: the subject centred on a matte charcoal-black surface, a single soft light from the upper left, a faint green rim light along one edge, deep shadows, shallow depth of field, the subject filling the frame. Square 1:1. Photorealistic. No text, no lettering, no logos, no packaging branding, no hands, no people, no watermark."
245,pressurejoit.jpg,pressure joit,,other,no,A-missing,"pressure joit, presented simply so the product itself is unmistakable. Shoot it like a premium dispensary product photograph: the subject centred on a matte charcoal-black surface, a single soft light from the upper left, a faint green rim light along one edge, deep shadows, shallow depth of field, the subject filling the frame. Square 1:1. Photorealistic. No text, no lettering, no logos, no packaging branding, no hands, no people, no watermark."
246,rawblackkingsizetip.jpg,Raw Black Kingsize+tip,Accessories,gear,no,A-missing,"Raw Black Kingsize+tip, a piece of smoking equipment, standing upright with its material and finish clearly readable. Shoot it like a premium dispensary product photograph: the subject centred on a matte charcoal-black surface, a single soft light from the upper left, a faint green rim light along one edge, deep shadows, shallow depth of field, the subject filling the frame. Square 1:1. Photorealistic. No text, no lettering, no logos, no packaging branding, no hands, no people, no watermark."
247,resdabeachbeer.jpg,Resda Beach Beer,Beer,beer,no,A-missing,"Resda Beach Beer poured into a clean glass beside its chilled can, a good head on the beer, condensation on both. Shoot it like a premium dispensary product photograph: the subject centred on a matte charcoal-black surface, a single soft light from the upper left, a faint green rim light along one edge, deep shadows, shallow depth of field, the subject filling the frame. Square 1:1. Photorealistic. No text, no lettering, no logos, no packaging branding, no hands, no people, no watermark."
248,reviewjoint.jpg,Review Joint,joint,preroll,no,A-missing,"a single cannabis pre-roll joint at a slight diagonal, unlit, clean white paper with a neat tip, a small mound of freshly ground green flower beside it. Shoot it like a premium dispensary product photograph: the subject centred on a matte charcoal-black surface, a single soft light from the upper left, a faint green rim light along one edge, deep shadows, shallow depth of field, the subject filling the frame. Square 1:1. Photorealistic. No text, no lettering, no logos, no packaging branding, no hands, no people, no watermark."
249,romeoyjulietano2.jpg,Romeo Y Julieta No.2,Cigar,nicotine,no,A-missing,"Romeo Y Julieta No.2 standing upright, its shape and proportions clearly readable. Shoot it like a premium dispensary product photograph: the subject centred on a matte charcoal-black surface, a single soft light from the upper left, a faint green rim light along one edge, deep shadows, shallow depth of field, the subject filling the frame. Square 1:1. Photorealistic. No text, no lettering, no logos, no packaging branding, no hands, no people, no watermark."
250,runtofeden.jpg,runt of eden,,other,no,A-missing,"runt of eden, presented simply so the product itself is unmistakable. Shoot it like a premium dispensary product photograph: the subject centred on a matte charcoal-black surface, a single soft light from the upper left, a faint green rim light along one edge, deep shadows, shallow depth of field, the subject filling the frame. Square 1:1. Photorealistic. No text, no lettering, no logos, no packaging branding, no hands, no people, no watermark."
251,sessionsbigbowl.jpg,Sessions Big Bowl,Equipment,gear,no,A-missing,"Sessions Big Bowl, a piece of smoking equipment, standing upright with its material and finish clearly readable. Shoot it like a premium dispensary product photograph: the subject centred on a matte charcoal-black surface, a single soft light from the upper left, a faint green rim light along one edge, deep shadows, shallow depth of field, the subject filling the frame. Square 1:1. Photorealistic. No text, no lettering, no logos, no packaging branding, no hands, no people, no watermark."
252,slimjimcarbonfilter.jpg,Slim Jim Carbon Filter,Accessories,gear,no,A-missing,"Slim Jim Carbon Filter, a piece of smoking equipment, standing upright with its material and finish clearly readable. Shoot it like a premium dispensary product photograph: the subject centred on a matte charcoal-black surface, a single soft light from the upper left, a faint green rim light along one edge, deep shadows, shallow depth of field, the subject filling the frame. Square 1:1. Photorealistic. No text, no lettering, no logos, no packaging branding, no hands, no people, no watermark."
253,slimjimcarbonfilter7mm.jpg,slim Jim carbon filter 7mm,Accessories,gear,no,A-missing,"slim Jim carbon filter 7mm, a piece of smoking equipment, standing upright with its material and finish clearly readable. Shoot it like a premium dispensary product photograph: the subject centred on a matte charcoal-black surface, a single soft light from the upper left, a faint green rim light along one edge, deep shadows, shallow depth of field, the subject filling the frame. Square 1:1. Photorealistic. No text, no lettering, no logos, no packaging branding, no hands, no people, no watermark."
254,slimjimfilter6mmpack.jpg,Slim Jim Filter 6mm pack,Accessories,gear,no,A-missing,"Slim Jim Filter 6mm pack, a piece of smoking equipment, standing upright with its material and finish clearly readable. Shoot it like a premium dispensary product photograph: the subject centred on a matte charcoal-black surface, a single soft light from the upper left, a faint green rim light along one edge, deep shadows, shallow depth of field, the subject filling the frame. Square 1:1. Photorealistic. No text, no lettering, no logos, no packaging branding, no hands, no people, no watermark."
255,snack.jpg,Snack,Snack,food,no,A-missing,"Snack plated on dark ceramic seen from a high angle, fresh and steaming, styled like a bar-kitchen menu photograph. Shoot it like a premium dispensary product photograph: the subject centred on a matte charcoal-black surface, a single soft light from the upper left, a faint green rim light along one edge, deep shadows, shallow depth of field, the subject filling the frame. Square 1:1. Photorealistic. No text, no lettering, no logos, no packaging branding, no hands, no people, no watermark."
256,spaghetti.jpg,Spaghetti,Food,food,no,A-missing,"Spaghetti plated on dark ceramic seen from a high angle, fresh and steaming, styled like a bar-kitchen menu photograph. Shoot it like a premium dispensary product photograph: the subject centred on a matte charcoal-black surface, a single soft light from the upper left, a faint green rim light along one edge, deep shadows, shallow depth of field, the subject filling the frame. Square 1:1. Photorealistic. No text, no lettering, no logos, no packaging branding, no hands, no people, no watermark."
257,strawberrycheesecakejoint.jpg,Strawberry Cheesecake Joint,Pre-Roll,preroll,no,A-missing,"a single cannabis pre-roll joint at a slight diagonal, unlit, clean white paper with a neat tip, a small mound of freshly ground deep purple-green flower beside it. Shoot it like a premium dispensary product photograph: the subject centred on a matte charcoal-black surface, a single soft light from the upper left, a faint green rim light along one edge, deep shadows, shallow depth of field, the subject filling the frame. Square 1:1. Photorealistic. No text, no lettering, no logos, no packaging branding, no hands, no people, no watermark."
258,superlemonhaze.jpg,Super lemon haze,Weed,flower,no,A-missing,"One premium cured cannabis flower bud, single nugget, golden-green and lime leaves, vivid amber-orange pistils, a bright sugary coat of trichomes. Macro product shot, the trichomes and pistils sharp in the centre of the bud, the back of the nugget falling gently out of focus. Nothing else in the frame — no jar, no tray, no scattered leaf. Shoot it like a premium dispensary product photograph: the subject centred on a matte charcoal-black surface, a single soft light from the upper left, a faint green rim light along one edge, deep shadows, shallow depth of field, the subject filling the frame. Square 1:1. Photorealistic. No text, no lettering, no logos, no packaging branding, no hands, no people, no watermark."
259,teatimejoint.jpg,Tea Time Joint,Pre-Roll,preroll,no,A-missing,"a single cannabis pre-roll joint at a slight diagonal, unlit, clean white paper with a neat tip, a small mound of freshly ground bright lime-green flower beside it. Strain: Tea Time Joint (Hybrid, THC 28-30%), tasting of candy, citrus, pine. Shoot it like a premium dispensary product photograph: the subject centred on a matte charcoal-black surface, a single soft light from the upper left, a faint green rim light along one edge, deep shadows, shallow depth of field, the subject filling the frame. Square 1:1. Photorealistic. No text, no lettering, no logos, no packaging branding, no hands, no people, no watermark."
260,thongpraditipacan490ml.jpg,Thongpradit Ipa Can 490Ml,Beer,beer,no,A-missing,"Thongpradit Ipa Can 490Ml poured into a clean glass beside its chilled can, a good head on the beer, condensation on both. Shoot it like a premium dispensary product photograph: the subject centred on a matte charcoal-black surface, a single soft light from the upper left, a faint green rim light along one edge, deep shadows, shallow depth of field, the subject filling the frame. Square 1:1. Photorealistic. No text, no lettering, no logos, no packaging branding, no hands, no people, no watermark."
261,torchlighter.jpg,Torch Lighter,Accessories,gear,no,A-missing,"Torch Lighter, a piece of smoking equipment, standing upright with its material and finish clearly readable. Shoot it like a premium dispensary product photograph: the subject centred on a matte charcoal-black surface, a single soft light from the upper left, a faint green rim light along one edge, deep shadows, shallow depth of field, the subject filling the frame. Square 1:1. Photorealistic. No text, no lettering, no logos, no packaging branding, no hands, no people, no watermark."
262,trehouse35gvape.jpg,Tre house 3.5G vape.,Vape,vape,no,A-missing,"one sleek cannabis vape cartridge standing upright, amber oil visible through a small glass window, a soft reflection beneath it. Shoot it like a premium dispensary product photograph: the subject centred on a matte charcoal-black surface, a single soft light from the upper left, a faint green rim light along one edge, deep shadows, shallow depth of field, the subject filling the frame. Square 1:1. Photorealistic. No text, no lettering, no logos, no packaging branding, no hands, no people, no watermark."
263,weedblunt.jpg,Weed Blunt,,blunt,no,A-missing,"a single cannabis blunt, unlit, in a dark tobacco leaf wrap with a visible seam, two whole buds behind it slightly out of focus. Shoot it like a premium dispensary product photograph: the subject centred on a matte charcoal-black surface, a single soft light from the upper left, a faint green rim light along one edge, deep shadows, shallow depth of field, the subject filling the frame. Square 1:1. Photorealistic. No text, no lettering, no logos, no packaging branding, no hands, no people, no watermark."
264,whitelotusshake.jpg,White Lotus Shake,Exotics,flower,no,A-missing,"One premium cured cannabis flower bud of the strain White Lotus, a hybrid — golden-green and lime leaves, vivid amber-orange pistils, a bright sugary coat of trichomes. The flower reads as citrus, pineapple, earthy. Dense and top-shelf, the sort of bud sold at 20% THC. Macro product shot, the trichomes and pistils sharp in the centre of the bud, the back of the nugget falling gently out of focus. Nothing else in the frame — no jar, no tray, no scattered leaf. Shoot it like a premium dispensary product photograph: the subject centred on a matte charcoal-black surface, a single soft light from the upper left, a faint green rim light along one edge, deep shadows, shallow depth of field, the subject filling the frame. Square 1:1. Photorealistic. No text, no lettering, no logos, no packaging branding, no hands, no people, no watermark."
265,wholemeltliveresinwax.jpg,whole melt live resin wax,Concentrate,concentrate,no,A-missing,"a small clear glass jar of cannabis concentrate, a metal dab tool lifting a thick glossy amber strand, the resin glowing warm where light passes through. Shoot it like a premium dispensary product photograph: the subject centred on a matte charcoal-black surface, a single soft light from the upper left, a faint green rim light along one edge, deep shadows, shallow depth of field, the subject filling the frame. Square 1:1. Photorealistic. No text, no lettering, no logos, no packaging branding, no hands, no people, no watermark."
266,regencyontherock.jpg,Regency on therock,,other,no,A-missing,"Regency on therock, presented simply so the product itself is unmistakable. Shoot it like a premium dispensary product photograph: the subject centred on a matte charcoal-black surface, a single soft light from the upper left, a faint green rim light along one edge, deep shadows, shallow depth of field, the subject filling the frame. Square 1:1. Photorealistic. No text, no lettering, no logos, no packaging branding, no hands, no people, no watermark."
267,fireballshot.jpg,Fireball shot,,other,no,A-missing,"Fireball shot, presented simply so the product itself is unmistakable. Shoot it like a premium dispensary product photograph: the subject centred on a matte charcoal-black surface, a single soft light from the upper left, a faint green rim light along one edge, deep shadows, shallow depth of field, the subject filling the frame. Square 1:1. Photorealistic. No text, no lettering, no logos, no packaging branding, no hands, no people, no watermark."
268,ginshot.jpg,gin shot,,other,no,A-missing,"gin shot, presented simply so the product itself is unmistakable. Shoot it like a premium dispensary product photograph: the subject centred on a matte charcoal-black surface, a single soft light from the upper left, a faint green rim light along one edge, deep shadows, shallow depth of field, the subject filling the frame. Square 1:1. Photorealistic. No text, no lettering, no logos, no packaging branding, no hands, no people, no watermark."
269,santoryontherock.jpg,santory ontherock,,other,no,A-missing,"santory ontherock, presented simply so the product itself is unmistakable. Shoot it like a premium dispensary product photograph: the subject centred on a matte charcoal-black surface, a single soft light from the upper left, a faint green rim light along one edge, deep shadows, shallow depth of field, the subject filling the frame. Square 1:1. Photorealistic. No text, no lettering, no logos, no packaging branding, no hands, no people, no watermark."
270,vodka.jpg,vodka,,other,no,A-missing,"vodka, presented simply so the product itself is unmistakable. Shoot it like a premium dispensary product photograph: the subject centred on a matte charcoal-black surface, a single soft light from the upper left, a faint green rim light along one edge, deep shadows, shallow depth of field, the subject filling the frame. Square 1:1. Photorealistic. No text, no lettering, no logos, no packaging branding, no hands, no people, no watermark."
271,gintonic.jpg,Gin tonic,,other,no,A-missing,"Gin tonic, presented simply so the product itself is unmistakable. Shoot it like a premium dispensary product photograph: the subject centred on a matte charcoal-black surface, a single soft light from the upper left, a faint green rim light along one edge, deep shadows, shallow depth of field, the subject filling the frame. Square 1:1. Photorealistic. No text, no lettering, no logos, no packaging branding, no hands, no people, no watermark."
7,crunchberrie.jpg,Crunch Berries,Flower,flower,,B-replace-card,"One premium cured cannabis flower bud of the strain Crunch Berries, a hybrid — deep purple and violet leaves shot through with dark green, bright orange pistils, heavy white trichome frost. The flower reads as berry, apricot, blueberry. Dense and top-shelf, the sort of bud sold at 18-22% THC. Macro product shot, the trichomes and pistils sharp in the centre of the bud, the back of the nugget falling gently out of focus. Nothing else in the frame — no jar, no tray, no scattered leaf. Shoot it like a premium dispensary product photograph: the subject centred on a matte charcoal-black surface, a single soft light from the upper left, a faint green rim light along one edge, deep shadows, shallow depth of field, the subject filling the frame. Square 1:1. Photorealistic. No text, no lettering, no logos, no packaging branding, no hands, no people, no watermark."
2,alienmint.jpg,Alien Mint,Flower,flower,,B-replace-card,"One premium cured cannabis flower bud of the strain Alien Mint, a hybrid — pale sage and mint-green leaves, soft cream-coloured pistils, a dusty even frost. The flower reads as mint, chocolate, nutty. Dense and top-shelf, the sort of bud sold at 26-30% THC. Macro product shot, the trichomes and pistils sharp in the centre of the bud, the back of the nugget falling gently out of focus. Nothing else in the frame — no jar, no tray, no scattered leaf. Shoot it like a premium dispensary product photograph: the subject centred on a matte charcoal-black surface, a single soft light from the upper left, a faint green rim light along one edge, deep shadows, shallow depth of field, the subject filling the frame. Square 1:1. Photorealistic. No text, no lettering, no logos, no packaging branding, no hands, no people, no watermark."
6,cookiemonster.jpg,Cookie Monster,Flower,flower,,B-replace-card,"One premium cured cannabis flower bud of the strain Cookie Monster, a indica — pale sage and mint-green leaves, soft cream-coloured pistils, a dusty even frost. The flower reads as sweet, butter, pine. Dense and top-shelf, the sort of bud sold at 15-19% THC. Macro product shot, the trichomes and pistils sharp in the centre of the bud, the back of the nugget falling gently out of focus. Nothing else in the frame — no jar, no tray, no scattered leaf. Shoot it like a premium dispensary product photograph: the subject centred on a matte charcoal-black surface, a single soft light from the upper left, a faint green rim light along one edge, deep shadows, shallow depth of field, the subject filling the frame. Square 1:1. Photorealistic. No text, no lettering, no logos, no packaging branding, no hands, no people, no watermark."
8,dlish.jpg,D-Lish,Flower,flower,,B-replace-card,"One premium cured cannabis flower bud of the strain D-Lish, a hybrid — golden-green and lime leaves, vivid amber-orange pistils, a bright sugary coat of trichomes. The flower reads as diesel, tropical, earthy. Dense and top-shelf, the sort of bud sold at 24-30% THC. Macro product shot, the trichomes and pistils sharp in the centre of the bud, the back of the nugget falling gently out of focus. Nothing else in the frame — no jar, no tray, no scattered leaf. Shoot it like a premium dispensary product photograph: the subject centred on a matte charcoal-black surface, a single soft light from the upper left, a faint green rim light along one edge, deep shadows, shallow depth of field, the subject filling the frame. Square 1:1. Photorealistic. No text, no lettering, no logos, no packaging branding, no hands, no people, no watermark."
4,blackcherry.jpg,Black Cherry,Flower,flower,,B-replace-card,"One premium cured cannabis flower bud of the strain Black Cherry, a hybrid — deep purple and violet leaves shot through with dark green, bright orange pistils, heavy white trichome frost. The flower reads as berry, apricot, pear. Dense and top-shelf, the sort of bud sold at 19-23% THC. Macro product shot, the trichomes and pistils sharp in the centre of the bud, the back of the nugget falling gently out of focus. Nothing else in the frame — no jar, no tray, no scattered leaf. Shoot it like a premium dispensary product photograph: the subject centred on a matte charcoal-black surface, a single soft light from the upper left, a faint green rim light along one edge, deep shadows, shallow depth of field, the subject filling the frame. Square 1:1. Photorealistic. No text, no lettering, no logos, no packaging branding, no hands, no people, no watermark."
16,orangez.jpg,Orange Z,Flower,flower,,B-replace-card,"One premium cured cannabis flower bud of the strain Orange Z, a hybrid — golden-green and lime leaves, vivid amber-orange pistils, a bright sugary coat of trichomes. The flower reads as orange, citrus, tropical. Dense and top-shelf, the sort of bud sold at 18-22% THC. Macro product shot, the trichomes and pistils sharp in the centre of the bud, the back of the nugget falling gently out of focus. Nothing else in the frame — no jar, no tray, no scattered leaf. Shoot it like a premium dispensary product photograph: the subject centred on a matte charcoal-black surface, a single soft light from the upper left, a faint green rim light along one edge, deep shadows, shallow depth of field, the subject filling the frame. Square 1:1. Photorealistic. No text, no lettering, no logos, no packaging branding, no hands, no people, no watermark."
10,giraffpuzzy.jpg,Giraffe Puzzy,Flower,flower,,B-replace-card,"One premium cured cannabis flower bud of the strain Giraffe Puzzy, a hybrid — dense dark forest-green leaves, rust-orange pistils, a thick greasy layer of trichomes. The flower reads as butter, apricot, diesel. Dense and top-shelf, the sort of bud sold at 30% THC. Macro product shot, the trichomes and pistils sharp in the centre of the bud, the back of the nugget falling gently out of focus. Nothing else in the frame — no jar, no tray, no scattered leaf. Shoot it like a premium dispensary product photograph: the subject centred on a matte charcoal-black surface, a single soft light from the upper left, a faint green rim light along one edge, deep shadows, shallow depth of field, the subject filling the frame. Square 1:1. Photorealistic. No text, no lettering, no logos, no packaging branding, no hands, no people, no watermark."
5,bluenerd.jpg,Blue Nerdz,Flower,flower,,B-replace-card,"One premium cured cannabis flower bud of the strain Blue Nerdz, a hybrid — deep purple and violet leaves shot through with dark green, bright orange pistils, heavy white trichome frost. The flower reads as blueberry, apple, apricot. Dense and top-shelf, the sort of bud sold at 22-26% THC. Macro product shot, the trichomes and pistils sharp in the centre of the bud, the back of the nugget falling gently out of focus. Nothing else in the frame — no jar, no tray, no scattered leaf. Shoot it like a premium dispensary product photograph: the subject centred on a matte charcoal-black surface, a single soft light from the upper left, a faint green rim light along one edge, deep shadows, shallow depth of field, the subject filling the frame. Square 1:1. Photorealistic. No text, no lettering, no logos, no packaging branding, no hands, no people, no watermark."
18,redhot.jpg,Red Hot Cookies,Flower,flower,,B-replace-card,"One premium cured cannabis flower bud of the strain Red Hot Cookies, a sativa-dominant hybrid — deep purple and violet leaves shot through with dark green, bright orange pistils, heavy white trichome frost. The flower reads as citrus, berry, mango. Dense and top-shelf, the sort of bud sold at 17-25% THC. Macro product shot, the trichomes and pistils sharp in the centre of the bud, the back of the nugget falling gently out of focus. Nothing else in the frame — no jar, no tray, no scattered leaf. Shoot it like a premium dispensary product photograph: the subject centred on a matte charcoal-black surface, a single soft light from the upper left, a faint green rim light along one edge, deep shadows, shallow depth of field, the subject filling the frame. Square 1:1. Photorealistic. No text, no lettering, no logos, no packaging branding, no hands, no people, no watermark."
17,pinkzugar.jpg,Pink Zugar,Flower,flower,,B-replace-card,"One premium cured cannabis flower bud of the strain Pink Zugar, a indica-dominant hybrid — deep purple and violet leaves shot through with dark green, bright orange pistils, heavy white trichome frost. The flower reads as blueberry, strawberry, apple. Dense and top-shelf, the sort of bud sold at 25-26% THC. Macro product shot, the trichomes and pistils sharp in the centre of the bud, the back of the nugget falling gently out of focus. Nothing else in the frame — no jar, no tray, no scattered leaf. Shoot it like a premium dispensary product photograph: the subject centred on a matte charcoal-black surface, a single soft light from the upper left, a faint green rim light along one edge, deep shadows, shallow depth of field, the subject filling the frame. Square 1:1. Photorealistic. No text, no lettering, no logos, no packaging branding, no hands, no people, no watermark."
12,lcgrx11.jpg,LCG RX11,Flower,flower,,B-replace-card,"One premium cured cannabis flower bud of the strain LCG RX11, a hybrid — deep purple and violet leaves shot through with dark green, bright orange pistils, heavy white trichome frost. The flower reads as citrus, berry, peach. Dense and top-shelf, the sort of bud sold at 20-24% THC. Macro product shot, the trichomes and pistils sharp in the centre of the bud, the back of the nugget falling gently out of focus. Nothing else in the frame — no jar, no tray, no scattered leaf. Shoot it like a premium dispensary product photograph: the subject centred on a matte charcoal-black surface, a single soft light from the upper left, a faint green rim light along one edge, deep shadows, shallow depth of field, the subject filling the frame. Square 1:1. Photorealistic. No text, no lettering, no logos, no packaging branding, no hands, no people, no watermark."
22,toadvenom.jpg,Toad Venom,Flower,flower,,B-replace-card,"One premium cured cannabis flower bud of the strain Toad Venom, a hybrid — dense dark forest-green leaves, rust-orange pistils, a thick greasy layer of trichomes. The flower reads as chemical, cheese, diesel. Dense and top-shelf, the sort of bud sold at 24% THC. Macro product shot, the trichomes and pistils sharp in the centre of the bud, the back of the nugget falling gently out of focus. Nothing else in the frame — no jar, no tray, no scattered leaf. Shoot it like a premium dispensary product photograph: the subject centred on a matte charcoal-black surface, a single soft light from the upper left, a faint green rim light along one edge, deep shadows, shallow depth of field, the subject filling the frame. Square 1:1. Photorealistic. No text, no lettering, no logos, no packaging branding, no hands, no people, no watermark."
13,lemoncherrygelato.jpg,Lemon Cherry Gelato,Flower,flower,,B-replace-card,"One premium cured cannabis flower bud of the strain Lemon Cherry Gelato, a hybrid — deep purple and violet leaves shot through with dark green, bright orange pistils, heavy white trichome frost. The flower reads as lemon, citrus, berry. Dense and top-shelf, the sort of bud sold at 20% THC. Macro product shot, the trichomes and pistils sharp in the centre of the bud, the back of the nugget falling gently out of focus. Nothing else in the frame — no jar, no tray, no scattered leaf. Shoot it like a premium dispensary product photograph: the subject centred on a matte charcoal-black surface, a single soft light from the upper left, a faint green rim light along one edge, deep shadows, shallow depth of field, the subject filling the frame. Square 1:1. Photorealistic. No text, no lettering, no logos, no packaging branding, no hands, no people, no watermark."
9,gelatox.jpg,Gelato X,Flower,flower,,B-replace-card,"One premium cured cannabis flower bud of the strain Gelato X, a indica-dominant hybrid — pale sage and mint-green leaves, soft cream-coloured pistils, a dusty even frost. The flower reads as vanilla, mint, nutty. Dense and top-shelf, the sort of bud sold at 25-27% THC. Macro product shot, the trichomes and pistils sharp in the centre of the bud, the back of the nugget falling gently out of focus. Nothing else in the frame — no jar, no tray, no scattered leaf. Shoot it like a premium dispensary product photograph: the subject centred on a matte charcoal-black surface, a single soft light from the upper left, a faint green rim light along one edge, deep shadows, shallow depth of field, the subject filling the frame. Square 1:1. Photorealistic. No text, no lettering, no logos, no packaging branding, no hands, no people, no watermark."
26,ztupid.jpg,Ztupid,Flower,flower,,B-replace-card,"One premium cured cannabis flower bud of the strain Ztupid, a hybrid — pale sage and mint-green leaves, soft cream-coloured pistils, a dusty even frost. The flower reads as sweet, fruity, earthy. Dense and top-shelf, the sort of bud sold at 26% THC. Macro product shot, the trichomes and pistils sharp in the centre of the bud, the back of the nugget falling gently out of focus. Nothing else in the frame — no jar, no tray, no scattered leaf. Shoot it like a premium dispensary product photograph: the subject centred on a matte charcoal-black surface, a single soft light from the upper left, a faint green rim light along one edge, deep shadows, shallow depth of field, the subject filling the frame. Square 1:1. Photorealistic. No text, no lettering, no logos, no packaging branding, no hands, no people, no watermark."
19,sherbtank.jpg,Sherb Tang,Flower,flower,,B-replace-card,"One premium cured cannabis flower bud of the strain Sherb Tang, a indica-dominant hybrid — deep purple and violet leaves shot through with dark green, bright orange pistils, heavy white trichome frost. The flower reads as vanilla, citrus, berry. Dense and top-shelf, the sort of bud sold at 25-27% THC. Macro product shot, the trichomes and pistils sharp in the centre of the bud, the back of the nugget falling gently out of focus. Nothing else in the frame — no jar, no tray, no scattered leaf. Shoot it like a premium dispensary product photograph: the subject centred on a matte charcoal-black surface, a single soft light from the upper left, a faint green rim light along one edge, deep shadows, shallow depth of field, the subject filling the frame. Square 1:1. Photorealistic. No text, no lettering, no logos, no packaging branding, no hands, no people, no watermark."
11,kingcherry.jpg,King Cherry,Flower,flower,,B-replace-card,"One premium cured cannabis flower bud of the strain King Cherry, a indica-dominant hybrid — deep purple and violet leaves shot through with dark green, bright orange pistils, heavy white trichome frost. The flower reads as cherry, sweet, berry. Dense and top-shelf, the sort of bud sold at 19% THC. Macro product shot, the trichomes and pistils sharp in the centre of the bud, the back of the nugget falling gently out of focus. Nothing else in the frame — no jar, no tray, no scattered leaf. Shoot it like a premium dispensary product photograph: the subject centred on a matte charcoal-black surface, a single soft light from the upper left, a faint green rim light along one edge, deep shadows, shallow depth of field, the subject filling the frame. Square 1:1. Photorealistic. No text, no lettering, no logos, no packaging branding, no hands, no people, no watermark."
3,babycake.jpg,Baby Cakes,Flower,flower,,B-replace-card,"One premium cured cannabis flower bud of the strain Baby Cakes, a hybrid — golden-green and lime leaves, vivid amber-orange pistils, a bright sugary coat of trichomes. The flower reads as vanilla, sweet, citrus. Dense and top-shelf, the sort of bud sold at 28-29% THC. Macro product shot, the trichomes and pistils sharp in the centre of the bud, the back of the nugget falling gently out of focus. Nothing else in the frame — no jar, no tray, no scattered leaf. Shoot it like a premium dispensary product photograph: the subject centred on a matte charcoal-black surface, a single soft light from the upper left, a faint green rim light along one edge, deep shadows, shallow depth of field, the subject filling the frame. Square 1:1. Photorealistic. No text, no lettering, no logos, no packaging branding, no hands, no people, no watermark."
24,zkittles.jpg,Zkittlez,Flower,flower,,B-replace-card,"One premium cured cannabis flower bud of the strain Zkittlez, a indica-dominant hybrid — deep purple and violet leaves shot through with dark green, bright orange pistils, heavy white trichome frost. The flower reads as grape, berry, citrus. Dense and top-shelf, the sort of bud sold at 18-23% THC. Macro product shot, the trichomes and pistils sharp in the centre of the bud, the back of the nugget falling gently out of focus. Nothing else in the frame — no jar, no tray, no scattered leaf. Shoot it like a premium dispensary product photograph: the subject centred on a matte charcoal-black surface, a single soft light from the upper left, a faint green rim light along one edge, deep shadows, shallow depth of field, the subject filling the frame. Square 1:1. Photorealistic. No text, no lettering, no logos, no packaging branding, no hands, no people, no watermark."
14,mac1.jpg,Mac 1,Flower,flower,,B-replace-card,"One premium cured cannabis flower bud of the strain Mac 1, a hybrid — golden-green and lime leaves, vivid amber-orange pistils, a bright sugary coat of trichomes. The flower reads as butter, citrus, ammonia. Dense and top-shelf, the sort of bud sold at 22% THC. Macro product shot, the trichomes and pistils sharp in the centre of the bud, the back of the nugget falling gently out of focus. Nothing else in the frame — no jar, no tray, no scattered leaf. Shoot it like a premium dispensary product photograph: the subject centred on a matte charcoal-black surface, a single soft light from the upper left, a faint green rim light along one edge, deep shadows, shallow depth of field, the subject filling the frame. Square 1:1. Photorealistic. No text, no lettering, no logos, no packaging branding, no hands, no people, no watermark."
20,superboof.jpg,Super Boof,Flower,flower,,B-replace-card,"One premium cured cannabis flower bud of the strain Super Boof, a hybrid — deep purple and violet leaves shot through with dark green, bright orange pistils, heavy white trichome frost. The flower reads as grapefruit, citrus, orange. Dense and top-shelf, the sort of bud sold at 26-28% THC. Macro product shot, the trichomes and pistils sharp in the centre of the bud, the back of the nugget falling gently out of focus. Nothing else in the frame — no jar, no tray, no scattered leaf. Shoot it like a premium dispensary product photograph: the subject centred on a matte charcoal-black surface, a single soft light from the upper left, a faint green rim light along one edge, deep shadows, shallow depth of field, the subject filling the frame. Square 1:1. Photorealistic. No text, no lettering, no logos, no packaging branding, no hands, no people, no watermark."
21,thailanddurian.jpg,Thailand Durian,Flower,flower,,B-replace-card,"One premium cured cannabis flower bud of the strain Thailand Durian, a hybrid — golden-green and lime leaves, vivid amber-orange pistils, a bright sugary coat of trichomes. The flower reads as sweet, tropical, earthy. Macro product shot, the trichomes and pistils sharp in the centre of the bud, the back of the nugget falling gently out of focus. Nothing else in the frame — no jar, no tray, no scattered leaf. Shoot it like a premium dispensary product photograph: the subject centred on a matte charcoal-black surface, a single soft light from the upper left, a faint green rim light along one edge, deep shadows, shallow depth of field, the subject filling the frame. Square 1:1. Photorealistic. No text, no lettering, no logos, no packaging branding, no hands, no people, no watermark."
25,zooties.jpg,Zooties,Flower,flower,,B-replace-card,"One premium cured cannabis flower bud of the strain Zooties, a hybrid — deep purple and violet leaves shot through with dark green, bright orange pistils, heavy white trichome frost. The flower reads as berry, grape, citrus. Dense and top-shelf, the sort of bud sold at 24-30% THC. Macro product shot, the trichomes and pistils sharp in the centre of the bud, the back of the nugget falling gently out of focus. Nothing else in the frame — no jar, no tray, no scattered leaf. Shoot it like a premium dispensary product photograph: the subject centred on a matte charcoal-black surface, a single soft light from the upper left, a faint green rim light along one edge, deep shadows, shallow depth of field, the subject filling the frame. Square 1:1. Photorealistic. No text, no lettering, no logos, no packaging branding, no hands, no people, no watermark."
23,whitelotus.jpg,White Lotus,Flower,flower,,B-replace-card,"One premium cured cannabis flower bud of the strain White Lotus, a hybrid — golden-green and lime leaves, vivid amber-orange pistils, a bright sugary coat of trichomes. The flower reads as citrus, pineapple, earthy. Dense and top-shelf, the sort of bud sold at 20% THC. Macro product shot, the trichomes and pistils sharp in the centre of the bud, the back of the nugget falling gently out of focus. Nothing else in the frame — no jar, no tray, no scattered leaf. Shoot it like a premium dispensary product photograph: the subject centred on a matte charcoal-black surface, a single soft light from the upper left, a faint green rim light along one edge, deep shadows, shallow depth of field, the subject filling the frame. Square 1:1. Photorealistic. No text, no lettering, no logos, no packaging branding, no hands, no people, no watermark."
15,mellowz.jpg,Mellowz,Flower,flower,,B-replace-card,"One premium cured cannabis flower bud of the strain Mellowz, a indica-dominant hybrid — deep purple and violet leaves shot through with dark green, bright orange pistils, heavy white trichome frost. The flower reads as butter, vanilla, sweet. Dense and top-shelf, the sort of bud sold at 25-29% THC. Macro product shot, the trichomes and pistils sharp in the centre of the bud, the back of the nugget falling gently out of focus. Nothing else in the frame — no jar, no tray, no scattered leaf. Shoot it like a premium dispensary product photograph: the subject centred on a matte charcoal-black surface, a single soft light from the upper left, a faint green rim light along one edge, deep shadows, shallow depth of field, the subject filling the frame. Square 1:1. Photorealistic. No text, no lettering, no logos, no packaging branding, no hands, no people, no watermark."
